2026-08-31 18:44:49,086 [INFO] main: ============================================================
2026-08-31 18:44:49,087 [INFO] main: SILENT SCAN START (25 sites)
2026-08-31 18:44:49,087 [INFO] main: ============================================================
2026-08-31 18:45:13,746 [INFO] scrapers.revolut: Revolut: fetched 6 jobs
2026-08-31 18:45:15,559 [INFO] scrapers.backbase: Backbase: fetched 20 jobs
2026-08-31 18:45:30,567 [INFO] scrapers.booking: Booking: fetched 1 jobs
2026-08-31 18:45:34,714 [INFO] scrapers.atlassian: Atlassian: fetched 28 jobs
2026-08-31 18:46:03,872 [INFO] scrapers.cisco: Cisco: fetched 3 jobs
2026-08-31 18:46:12,429 [INFO] scrapers.justeat: Justeat: fetched 22 jobs
2026-08-31 18:46:12,430 [INFO] main:   [OK]   MessageBird: 32 jobs
2026-08-31 18:46:12,436 [INFO] main:   [OK]   Mews: 20 jobs
2026-08-31 18:46:12,474 [INFO] main:   [OK]   Twilio: 140 jobs
2026-08-31 18:46:12,490 [INFO] main:   [OK]   Flexport: 165 jobs
2026-08-31 18:46:12,519 [INFO] main:   [OK]   Adyen: 232 jobs
2026-08-31 18:46:12,849 [INFO] main:   [OK]   Mollie: 44 jobs
2026-08-31 18:46:12,936 [INFO] main:   [OK]   Datasnipper: 31 jobs
2026-08-31 18:46:13,020 [INFO] main:   [OK]   Samsara: 244 jobs
2026-08-31 18:46:13,051 [INFO] main:   [OK]   Optiver: 172 jobs
2026-08-31 18:46:13,363 [INFO] main:   [OK]   Picnic: 2 jobs
2026-08-31 18:46:13,363 [INFO] main:   [OK]   Miro: 36 jobs
2026-08-31 18:46:13,385 [INFO] main:   [OK]   Uber: 1 jobs
2026-08-31 18:46:13,385 [INFO] main:   [OK]   Stripe: 569 jobs
2026-08-31 18:46:13,471 [INFO] main:   [OK]   Datadog: 453 jobs
2026-08-31 18:46:13,604 [INFO] main:   [OK]   Bunq: 10 jobs
2026-08-31 18:46:13,645 [INFO] main:   [OK]   Databricks: 857 jobs
2026-08-31 18:46:13,811 [INFO] main:   [OK]   Mendix: 40 jobs
2026-08-31 18:46:13,823 [INFO] main:   [OK]   ServiceNow: 558 jobs
2026-08-31 18:46:13,871 [INFO] main:   [OK]   Workday: 40 jobs
2026-08-31 18:46:13,871 [INFO] main:   [OK]   Revolut: 6 jobs
2026-08-31 18:46:13,898 [INFO] main:   [OK]   Backbase: 20 jobs
2026-08-31 18:46:13,907 [INFO] main:   [OK]   Booking: 1 jobs
2026-08-31 18:46:13,908 [INFO] main:   [OK]   Atlassian: 28 jobs
2026-08-31 18:46:13,965 [INFO] main:   [OK]   Cisco: 3 jobs
2026-08-31 18:46:13,974 [INFO] main:   [OK]   Justeat: 22 jobs
2026-08-31 18:46:13,983 [INFO] main: SCAN DONE. sites_ok=25 sites_fail=0 new=128 high=9 med=3
2026-08-31 18:46:19,729 [INFO] digest: Daily digest sent. 12 matches, report: C:\Users\dielomb\Documents\scerring\data\reports\daily_2026-08-31.html
2026-08-31 18:47:22,842 [INFO] digest: Daily digest sent. 12 matches, report: C:\Users\dielomb\Documents\scerring\data\reports\daily_2026-08-31.html
2026-08-31 18:48:30,622 [INFO] digest: Daily digest sent. 12 matches, report: C:\Users\dielomb\Documents\scerring\data\reports\daily_2026-08-31.html
2026-08-31 18:55:04,533 [INFO] digest: Daily digest sent. 12 matches, report: C:\Users\dielomb\Documents\BOTJObs\data\reports\daily_2026-08-31.html
2026-08-31 18:58:07,755 [INFO] main: LOOP MODE started. Scan every 30 min. Digest at 19:00 local.
2026-08-31 18:58:15,153 [INFO] main: ============================================================
2026-08-31 18:58:15,153 [INFO] main: SILENT SCAN START (25 sites)
2026-08-31 18:58:15,153 [INFO] main: ============================================================
2026-08-31 18:58:41,244 [INFO] scrapers.revolut: Revolut: fetched 6 jobs
2026-08-31 18:58:43,401 [INFO] scrapers.backbase: Backbase: fetched 20 jobs
2026-08-31 18:58:58,346 [INFO] scrapers.booking: Booking: fetched 1 jobs
2026-08-31 18:59:01,517 [INFO] scrapers.atlassian: Atlassian: fetched 28 jobs
2026-08-31 18:59:30,847 [INFO] scrapers.cisco: Cisco: fetched 3 jobs
2026-08-31 18:59:39,101 [INFO] scrapers.justeat: Justeat: fetched 22 jobs
2026-08-31 18:59:39,102 [INFO] main:   [OK]   MessageBird: 32 jobs
2026-08-31 18:59:39,110 [INFO] main:   [OK]   Twilio: 140 jobs
2026-08-31 18:59:39,132 [INFO] main:   [OK]   Mollie: 44 jobs
2026-08-31 18:59:39,157 [INFO] main:   [OK]   Flexport: 164 jobs
2026-08-31 18:59:39,187 [INFO] main:   [OK]   Adyen: 232 jobs
2026-08-31 18:59:39,284 [INFO] main:   [OK]   Samsara: 243 jobs
2026-08-31 18:59:39,332 [INFO] main:   [OK]   Picnic: 2 jobs
2026-08-31 18:59:39,333 [INFO] main:   [OK]   Datasnipper: 31 jobs
2026-08-31 18:59:39,356 [INFO] main:   [OK]   Miro: 36 jobs
2026-08-31 18:59:39,365 [INFO] main:   [OK]   Optiver: 172 jobs
2026-08-31 18:59:39,443 [INFO] main:   [OK]   Uber: 1 jobs
2026-08-31 18:59:39,444 [INFO] main:   [OK]   Stripe: 569 jobs
2026-08-31 18:59:39,561 [INFO] main:   [OK]   Bunq: 10 jobs
2026-08-31 18:59:39,570 [INFO] main:   [OK]   Datadog: 453 jobs
2026-08-31 18:59:39,673 [INFO] main:   [OK]   Databricks: 857 jobs
2026-08-31 18:59:39,807 [INFO] main:   [OK]   Mendix: 40 jobs
2026-08-31 18:59:39,813 [INFO] main:   [OK]   ServiceNow: 559 jobs
2026-08-31 18:59:39,823 [INFO] main:   [OK]   Workday: 40 jobs
2026-08-31 18:59:39,823 [INFO] main:   [OK]   Mews: 20 jobs
2026-08-31 18:59:39,833 [INFO] main:   [OK]   Revolut: 6 jobs
2026-08-31 18:59:39,838 [INFO] main:   [OK]   Backbase: 20 jobs
2026-08-31 18:59:39,840 [INFO] main:   [OK]   Booking: 1 jobs
2026-08-31 18:59:39,840 [INFO] main:   [OK]   Atlassian: 28 jobs
2026-08-31 18:59:39,847 [INFO] main:   [OK]   Cisco: 3 jobs
2026-08-31 18:59:39,848 [INFO] main:   [OK]   Justeat: 22 jobs
2026-08-31 18:59:39,859 [INFO] main: SCAN DONE. sites_ok=25 sites_fail=0 new=0 high=0 med=0
2026-08-31 18:59:39,869 [INFO] main: Sleeping 30 min...
2026-08-31 19:42:51,631 [INFO] main: ============================================================
2026-08-31 19:42:51,644 [INFO] main: SILENT SCAN START (25 sites)
2026-08-31 19:42:51,648 [INFO] main: ============================================================
2026-08-31 19:43:19,866 [INFO] scrapers.revolut: Revolut: fetched 6 jobs
2026-08-31 19:43:22,440 [INFO] scrapers.backbase: Backbase: fetched 20 jobs
2026-08-31 19:43:45,374 [INFO] scrapers.booking: Booking: fetched 1 jobs
2026-08-31 19:43:47,490 [INFO] scrapers.atlassian: Atlassian: fetched 28 jobs
2026-08-31 19:44:17,973 [INFO] scrapers.cisco: Cisco: fetched 3 jobs
2026-08-31 19:44:27,405 [INFO] scrapers.justeat: Justeat: fetched 22 jobs
2026-08-31 19:44:27,413 [INFO] main:   [OK]   Mews: 20 jobs
2026-08-31 19:44:27,446 [INFO] main:   [OK]   MessageBird: 32 jobs
2026-08-31 19:44:27,459 [INFO] main:   [OK]   Flexport: 164 jobs
2026-08-31 19:44:27,518 [INFO] main:   [OK]   Adyen: 231 jobs
2026-08-31 19:44:27,656 [INFO] main:   [OK]   Mollie: 44 jobs
2026-08-31 19:44:27,687 [INFO] main:   [OK]   Datasnipper: 31 jobs
2026-08-31 19:44:27,718 [INFO] main:   [OK]   Samsara: 243 jobs
2026-08-31 19:44:27,783 [INFO] main:   [OK]   Picnic: 2 jobs
2026-08-31 19:44:27,783 [INFO] main:   [OK]   Miro: 36 jobs
2026-08-31 19:44:27,799 [INFO] main:   [OK]   Uber: 1 jobs
2026-08-31 19:44:27,800 [INFO] main:   [OK]   Optiver: 172 jobs
2026-08-31 19:44:27,894 [INFO] main:   [OK]   Twilio: 140 jobs
2026-08-31 19:44:27,940 [INFO] main:   [OK]   Bunq: 10 jobs
2026-08-31 19:44:27,952 [INFO] main:   [OK]   Stripe: 567 jobs
2026-08-31 19:44:28,105 [INFO] main:   [OK]   Datadog: 453 jobs
2026-08-31 19:44:28,223 [INFO] main:   [OK]   Databricks: 854 jobs
2026-08-31 19:44:28,383 [INFO] main:   [OK]   Mendix: 40 jobs
2026-08-31 19:44:28,391 [INFO] main:   [OK]   ServiceNow: 559 jobs
2026-08-31 19:44:28,400 [INFO] main:   [OK]   Workday: 40 jobs
2026-08-31 19:44:28,401 [INFO] main:   [OK]   Revolut: 6 jobs
2026-08-31 19:44:28,401 [INFO] main:   [OK]   Backbase: 20 jobs
2026-08-31 19:44:28,402 [INFO] main:   [OK]   Booking: 1 jobs
2026-08-31 19:44:28,402 [INFO] main:   [OK]   Atlassian: 28 jobs
2026-08-31 19:44:28,411 [INFO] main:   [OK]   Cisco: 3 jobs
2026-08-31 19:44:28,412 [INFO] main:   [OK]   Justeat: 22 jobs
2026-08-31 19:44:28,420 [INFO] main: SCAN DONE. sites_ok=25 sites_fail=0 new=0 high=0 med=0
2026-08-31 19:44:28,618 [INFO] digest: Daily digest sent. 12 matches, report: C:\Users\dielomb\Documents\BOTJObs\data\reports\daily_2026-08-31.html
2026-08-31 19:44:28,619 [INFO] main: DIGEST SENT: 12 matches. Report: C:\Users\dielomb\Documents\BOTJObs\data\reports\daily_2026-08-31.html
2026-08-31 19:44:28,619 [INFO] main: Sleeping 30 min...
2026-08-31 21:05:39,851 [INFO] main: ============================================================
2026-08-31 21:05:40,154 [INFO] main: SILENT SCAN START (25 sites)
2026-08-31 21:05:40,161 [INFO] main: ============================================================
2026-08-31 21:06:30,762 [INFO] scrapers.revolut: Revolut: fetched 6 jobs
2026-08-31 21:06:31,441 [INFO] scrapers.backbase: Backbase: fetched 20 jobs
2026-08-31 21:06:54,450 [INFO] scrapers.booking: Booking: fetched 1 jobs
2026-08-31 21:06:57,268 [INFO] scrapers.atlassian: Atlassian: fetched 28 jobs
2026-08-31 21:07:28,848 [INFO] scrapers.cisco: Cisco: fetched 3 jobs
2026-08-31 21:07:31,611 [INFO] scrapers.justeat: Justeat: fetched 22 jobs
2026-08-31 21:07:31,615 [INFO] main:   [OK]   MessageBird: 33 jobs
2026-08-31 21:07:31,637 [INFO] main:   [OK]   Mews: 20 jobs
2026-08-31 21:07:31,681 [INFO] main:   [OK]   Twilio: 139 jobs
2026-08-31 21:07:31,712 [INFO] main:   [OK]   Mollie: 44 jobs
2026-08-31 21:07:31,743 [INFO] main:   [OK]   Datasnipper: 31 jobs
2026-08-31 21:07:31,770 [INFO] main:   [OK]   Adyen: 231 jobs
2026-08-31 21:07:31,900 [INFO] main:   [OK]   Samsara: 243 jobs
2026-08-31 21:07:31,961 [INFO] main:   [OK]   Picnic: 2 jobs
2026-08-31 21:07:31,962 [INFO] main:   [OK]   Uber: 1 jobs
2026-08-31 21:07:31,962 [INFO] main:   [OK]   Miro: 36 jobs
2026-08-31 21:07:31,991 [INFO] main:   [OK]   Optiver: 172 jobs
2026-08-31 21:07:32,125 [INFO] main:   [OK]   Stripe: 569 jobs
2026-08-31 21:07:32,272 [INFO] main:   [OK]   Bunq: 10 jobs
2026-08-31 21:07:32,296 [INFO] main:   [OK]   Datadog: 454 jobs
2026-08-31 21:07:32,432 [INFO] main:   [OK]   Mendix: 40 jobs
2026-08-31 21:07:32,453 [INFO] main:   [OK]   Databricks: 855 jobs
2026-08-31 21:07:32,595 [INFO] main:   [OK]   ServiceNow: 557 jobs
2026-08-31 21:07:32,605 [INFO] main:   [OK]   Workday: 40 jobs
2026-08-31 21:07:32,605 [WARNING] main:   [FAIL] Flexport: ReadTimeout: HTTPSConnectionPool(host='boards-api.greenhouse.io', port=443): Read timed out. (read timeout=20)
2026-08-31 21:07:32,606 [INFO] main:   [OK]   Revolut: 6 jobs
2026-08-31 21:07:32,619 [INFO] main:   [OK]   Backbase: 20 jobs
2026-08-31 21:07:32,621 [INFO] main:   [OK]   Booking: 1 jobs
2026-08-31 21:07:32,621 [INFO] main:   [OK]   Atlassian: 28 jobs
2026-08-31 21:07:32,630 [INFO] main:   [OK]   Cisco: 3 jobs
2026-08-31 21:07:32,632 [INFO] main:   [OK]   Justeat: 22 jobs
2026-08-31 21:07:32,642 [INFO] main: SCAN DONE. sites_ok=24 sites_fail=1 new=1 high=0 med=0
2026-08-31 21:07:32,659 [INFO] main: Sleeping 30 min...
2026-08-31 21:53:47,706 [INFO] main: ============================================================
2026-08-31 21:53:47,723 [INFO] main: SILENT SCAN START (25 sites)
2026-08-31 21:53:47,724 [INFO] main: ============================================================
2026-08-31 21:54:17,625 [INFO] scrapers.revolut: Revolut: fetched 6 jobs
2026-08-31 21:54:19,247 [INFO] scrapers.backbase: Backbase: fetched 20 jobs
2026-08-31 21:54:34,269 [INFO] scrapers.booking: Booking: fetched 1 jobs
2026-08-31 21:54:38,830 [INFO] scrapers.atlassian: Atlassian: fetched 28 jobs
2026-08-31 21:55:07,376 [INFO] scrapers.cisco: Cisco: fetched 3 jobs
2026-08-31 21:55:16,696 [INFO] scrapers.justeat: Justeat: fetched 22 jobs
2026-08-31 21:55:16,697 [INFO] main:   [OK]   Mews: 20 jobs
2026-08-31 21:55:16,710 [INFO] main:   [OK]   Flexport: 171 jobs
2026-08-31 21:55:16,751 [INFO] main:   [OK]   Adyen: 231 jobs
2026-08-31 21:55:16,847 [INFO] main:   [OK]   Optiver: 173 jobs
2026-08-31 21:55:16,923 [INFO] main:   [OK]   Mollie: 44 jobs
2026-08-31 21:55:16,948 [INFO] main:   [OK]   Samsara: 243 jobs
2026-08-31 21:55:16,992 [INFO] main:   [OK]   Miro: 36 jobs
2026-08-31 21:55:17,001 [INFO] main:   [OK]   Datasnipper: 31 jobs
2026-08-31 21:55:17,024 [INFO] main:   [OK]   Picnic: 2 jobs
2026-08-31 21:55:17,024 [INFO] main:   [OK]   Uber: 1 jobs
2026-08-31 21:55:17,025 [INFO] main:   [OK]   Stripe: 567 jobs
2026-08-31 21:55:17,133 [INFO] main:   [OK]   Datadog: 454 jobs
2026-08-31 21:55:17,239 [INFO] main:   [OK]   Bunq: 10 jobs
2026-08-31 21:55:17,246 [INFO] main:   [OK]   Databricks: 856 jobs
2026-08-31 21:55:17,372 [INFO] main:   [OK]   Mendix: 40 jobs
2026-08-31 21:55:17,377 [INFO] main:   [OK]   ServiceNow: 559 jobs
2026-08-31 21:55:17,387 [INFO] main:   [OK]   Workday: 40 jobs
2026-08-31 21:55:17,387 [INFO] main:   [OK]   Twilio: 138 jobs
2026-08-31 21:55:17,407 [INFO] main:   [OK]   MessageBird: 33 jobs
2026-08-31 21:55:17,415 [INFO] main:   [OK]   Revolut: 6 jobs
2026-08-31 21:55:17,435 [INFO] main:   [OK]   Backbase: 20 jobs
2026-08-31 21:55:17,438 [INFO] main:   [OK]   Booking: 1 jobs
2026-08-31 21:55:17,438 [INFO] main:   [OK]   Atlassian: 28 jobs
2026-08-31 21:55:17,446 [INFO] main:   [OK]   Cisco: 3 jobs
2026-08-31 21:55:17,447 [INFO] main:   [OK]   Justeat: 22 jobs
2026-08-31 21:55:17,456 [INFO] main: SCAN DONE. sites_ok=25 sites_fail=0 new=0 high=0 med=0
2026-08-31 21:55:17,465 [INFO] main: Sleeping 30 min...
2026-08-31 22:03:27,094 [INFO] main: LOOP MODE started. Scan every 30 min. Digest at 19:00 local.
2026-08-31 22:03:48,261 [INFO] main: ============================================================
2026-08-31 22:03:48,261 [INFO] main: SILENT SCAN START (25 sites)
2026-08-31 22:03:48,261 [INFO] main: ============================================================
2026-08-31 22:04:16,575 [INFO] main: LOOP MODE started. Scan every 30 min. Digest at 19:00 local.
2026-08-31 22:04:23,845 [INFO] main: ============================================================
2026-08-31 22:04:23,846 [INFO] main: SILENT SCAN START (25 sites)
2026-08-31 22:04:23,846 [INFO] main: ============================================================
2026-08-31 22:04:47,066 [INFO] scrapers.revolut: Revolut: fetched 6 jobs
2026-08-31 22:04:48,700 [INFO] scrapers.backbase: Backbase: fetched 20 jobs
2026-08-31 22:05:04,891 [INFO] scrapers.booking: Booking: fetched 1 jobs
2026-08-31 22:05:08,123 [INFO] scrapers.atlassian: Atlassian: fetched 28 jobs
2026-08-31 22:05:37,872 [INFO] scrapers.cisco: Cisco: fetched 3 jobs
2026-08-31 22:05:46,064 [INFO] scrapers.justeat: Justeat: fetched 22 jobs
2026-08-31 22:05:46,065 [INFO] main:   [OK]   MessageBird: 33 jobs
2026-08-31 22:05:46,073 [INFO] main:   [OK]   Mews: 20 jobs
2026-08-31 22:05:46,086 [INFO] main:   [OK]   Twilio: 138 jobs
2026-08-31 22:05:46,110 [INFO] main:   [OK]   Flexport: 171 jobs
2026-08-31 22:05:46,144 [INFO] main:   [OK]   Mollie: 44 jobs
2026-08-31 22:05:46,171 [INFO] main:   [OK]   Datasnipper: 32 jobs
2026-08-31 22:05:46,193 [INFO] main:   [OK]   Adyen: 231 jobs
2026-08-31 22:05:46,299 [INFO] main:   [OK]   Optiver: 173 jobs
2026-08-31 22:05:46,388 [INFO] main:   [OK]   Miro: 36 jobs
2026-08-31 22:05:46,398 [INFO] main:   [OK]   Picnic: 2 jobs
2026-08-31 22:05:46,398 [INFO] main:   [OK]   Uber: 1 jobs
2026-08-31 22:05:46,398 [INFO] main:   [OK]   Samsara: 243 jobs
2026-08-31 22:05:46,446 [INFO] main:   [OK]   Stripe: 567 jobs
2026-08-31 22:05:46,566 [INFO] main:   [OK]   Datadog: 454 jobs
2026-08-31 22:05:46,668 [INFO] main:   [OK]   Bunq: 10 jobs
2026-08-31 22:05:46,676 [INFO] main:   [OK]   Databricks: 856 jobs
2026-08-31 22:05:46,812 [INFO] main:   [OK]   ServiceNow: 559 jobs
2026-08-31 22:05:46,822 [INFO] main:   [OK]   Mendix: 40 jobs
2026-08-31 22:05:46,827 [INFO] main:   [OK]   Workday: 40 jobs
2026-08-31 22:05:46,828 [INFO] main:   [OK]   Revolut: 6 jobs
2026-08-31 22:05:46,831 [INFO] main:   [OK]   Backbase: 20 jobs
2026-08-31 22:05:46,832 [INFO] main:   [OK]   Booking: 1 jobs
2026-08-31 22:05:46,832 [INFO] main:   [OK]   Atlassian: 28 jobs
2026-08-31 22:05:46,840 [INFO] main:   [OK]   Cisco: 3 jobs
2026-08-31 22:05:46,841 [INFO] main:   [OK]   Justeat: 22 jobs
2026-08-31 22:05:46,852 [INFO] main: SCAN DONE. sites_ok=25 sites_fail=0 new=0 high=0 med=0 instant=0
2026-08-31 22:05:46,960 [INFO] digest: Daily digest sent. 12 matches, report: C:\Users\dielomb\Documents\BOTJObs\data\reports\daily_2026-08-31.html
2026-08-31 22:05:46,961 [INFO] main: DIGEST SENT: 12 matches. Report: C:\Users\dielomb\Documents\BOTJObs\data\reports\daily_2026-08-31.html
2026-08-31 22:05:46,961 [INFO] main: Sleeping 30 min...
2026-08-31 22:35:47,311 [INFO] main: ============================================================
2026-08-31 22:35:47,369 [INFO] main: SILENT SCAN START (25 sites)
2026-08-31 22:35:47,403 [INFO] main: ============================================================
2026-08-31 22:36:19,601 [INFO] scrapers.revolut: Revolut: fetched 6 jobs
2026-08-31 22:36:22,330 [INFO] scrapers.backbase: Backbase: fetched 20 jobs
2026-08-31 22:36:38,200 [INFO] scrapers.booking: Booking: fetched 1 jobs
2026-08-31 22:36:42,510 [INFO] scrapers.atlassian: Atlassian: fetched 28 jobs
2026-08-31 22:37:13,578 [INFO] scrapers.cisco: Cisco: fetched 3 jobs
2026-08-31 22:37:21,339 [INFO] scrapers.justeat: Justeat: fetched 22 jobs
2026-08-31 22:37:21,348 [INFO] main:   [OK]   Mews: 20 jobs
2026-08-31 22:37:21,380 [INFO] main:   [OK]   Flexport: 171 jobs
2026-08-31 22:37:21,426 [INFO] main:   [OK]   Adyen: 231 jobs
2026-08-31 22:37:21,561 [INFO] main:   [OK]   Optiver: 173 jobs
2026-08-31 22:37:21,649 [INFO] main:   [OK]   Mollie: 44 jobs
2026-08-31 22:37:21,676 [INFO] main:   [OK]   Datasnipper: 32 jobs
2026-08-31 22:37:21,700 [INFO] main:   [OK]   Samsara: 243 jobs
2026-08-31 22:37:21,754 [INFO] main:   [OK]   Miro: 36 jobs
2026-08-31 22:37:21,766 [INFO] main:   [OK]   Uber: 1 jobs
2026-08-31 22:37:21,766 [INFO] main:   [OK]   Picnic: 2 jobs
2026-08-31 22:37:21,766 [INFO] main:   [OK]   Stripe: 566 jobs
2026-08-31 22:37:21,898 [INFO] main:   [OK]   Bunq: 10 jobs
2026-08-31 22:37:21,906 [INFO] main:   [OK]   Twilio: 138 jobs
2026-08-31 22:37:21,932 [INFO] main:   [OK]   Datadog: 454 jobs
2026-08-31 22:37:22,044 [INFO] main:   [OK]   Mendix: 40 jobs
2026-08-31 22:37:22,051 [INFO] main:   [OK]   ServiceNow: 557 jobs
2026-08-31 22:37:22,061 [INFO] main:   [OK]   Databricks: 856 jobs
2026-08-31 22:37:22,224 [INFO] main:   [OK]   MessageBird: 33 jobs
2026-08-31 22:37:22,236 [INFO] main:   [OK]   Workday: 40 jobs
2026-08-31 22:37:22,237 [INFO] main:   [OK]   Revolut: 6 jobs
2026-08-31 22:37:22,245 [INFO] main:   [OK]   Backbase: 20 jobs
2026-08-31 22:37:22,246 [INFO] main:   [OK]   Booking: 1 jobs
2026-08-31 22:37:22,247 [INFO] main:   [OK]   Atlassian: 28 jobs
2026-08-31 22:37:22,256 [INFO] main:   [OK]   Cisco: 3 jobs
2026-08-31 22:37:22,257 [INFO] main:   [OK]   Justeat: 22 jobs
2026-08-31 22:37:22,284 [INFO] main: SCAN DONE. sites_ok=25 sites_fail=0 new=0 high=0 med=0 instant=0
2026-08-31 22:37:22,315 [INFO] main: Sleeping 30 min...
2026-08-31 23:07:22,453 [INFO] main: ============================================================
2026-08-31 23:07:22,467 [INFO] main: SILENT SCAN START (25 sites)
2026-08-31 23:07:22,468 [INFO] main: ============================================================
2026-08-31 23:07:48,453 [INFO] scrapers.revolut: Revolut: fetched 6 jobs
2026-08-31 23:07:50,779 [INFO] scrapers.backbase: Backbase: fetched 20 jobs
2026-08-31 23:08:07,043 [INFO] scrapers.booking: Booking: fetched 1 jobs
2026-08-31 23:08:09,684 [INFO] scrapers.atlassian: Atlassian: fetched 28 jobs
2026-08-31 23:08:40,657 [INFO] scrapers.cisco: Cisco: fetched 3 jobs
2026-08-31 23:08:48,288 [INFO] scrapers.justeat: Justeat: fetched 22 jobs
2026-08-31 23:08:48,289 [INFO] main:   [OK]   Mews: 20 jobs
2026-08-31 23:08:48,309 [INFO] main:   [OK]   MessageBird: 33 jobs
2026-08-31 23:08:48,316 [INFO] main:   [OK]   Twilio: 138 jobs
2026-08-31 23:08:48,348 [INFO] main:   [OK]   Adyen: 231 jobs
2026-08-31 23:08:48,459 [INFO] main:   [OK]   Flexport: 171 jobs
2026-08-31 23:08:48,492 [INFO] main:   [OK]   Optiver: 173 jobs
2026-08-31 23:08:48,581 [INFO] main:   [OK]   Mollie: 44 jobs
2026-08-31 23:08:48,606 [INFO] main:   [OK]   Datasnipper: 32 jobs
2026-08-31 23:08:48,631 [INFO] main:   [OK]   Miro: 36 jobs
2026-08-31 23:08:48,640 [INFO] main:   [OK]   Samsara: 243 jobs
2026-08-31 23:08:48,682 [INFO] main:   [OK]   Picnic: 2 jobs
2026-08-31 23:08:48,683 [INFO] main:   [OK]   Uber: 1 jobs
2026-08-31 23:08:48,683 [INFO] main:   [OK]   Datadog: 454 jobs
2026-08-31 23:08:48,787 [INFO] main:   [OK]   Bunq: 10 jobs
2026-08-31 23:08:48,799 [INFO] main:   [OK]   Stripe: 568 jobs
2026-08-31 23:08:48,947 [INFO] main:   [OK]   Databricks: 856 jobs
2026-08-31 23:08:49,111 [INFO] main:   [OK]   Mendix: 40 jobs
2026-08-31 23:08:49,120 [INFO] main:   [OK]   ServiceNow: 557 jobs
2026-08-31 23:08:49,133 [INFO] main:   [OK]   Workday: 40 jobs
2026-08-31 23:08:49,134 [INFO] main:   [OK]   Revolut: 6 jobs
2026-08-31 23:08:49,137 [INFO] main:   [OK]   Backbase: 20 jobs
2026-08-31 23:08:49,140 [INFO] main:   [OK]   Booking: 1 jobs
2026-08-31 23:08:49,140 [INFO] main:   [OK]   Atlassian: 28 jobs
2026-08-31 23:08:49,152 [INFO] main:   [OK]   Cisco: 3 jobs
2026-08-31 23:08:49,154 [INFO] main:   [OK]   Justeat: 22 jobs
2026-08-31 23:08:49,164 [INFO] main: SCAN DONE. sites_ok=25 sites_fail=0 new=0 high=0 med=0 instant=0
2026-08-31 23:08:49,172 [INFO] main: Sleeping 30 min...
2026-09-01 14:18:05,078 [INFO] main: ============================================================
2026-09-01 14:18:05,094 [INFO] main: SILENT SCAN START (25 sites)
2026-09-01 14:18:05,095 [INFO] main: ============================================================
2026-09-01 14:18:34,374 [INFO] scrapers.revolut: Revolut: fetched 6 jobs
2026-09-01 14:18:35,897 [INFO] scrapers.backbase: Backbase: fetched 20 jobs
2026-09-01 14:18:53,631 [INFO] scrapers.booking: Booking: fetched 1 jobs
2026-09-01 14:18:55,423 [INFO] scrapers.atlassian: Atlassian: fetched 27 jobs
2026-09-01 14:19:27,444 [INFO] scrapers.cisco: Cisco: fetched 3 jobs
2026-09-01 14:19:34,049 [INFO] scrapers.justeat: Justeat: fetched 21 jobs
2026-09-01 14:19:34,050 [INFO] main:   [OK]   Mews: 19 jobs
2026-09-01 14:19:34,086 [INFO] main:   [OK]   Twilio: 137 jobs
2026-09-01 14:19:34,113 [INFO] main:   [OK]   Adyen: 224 jobs
2026-09-01 14:19:34,282 [INFO] main:   [OK]   Flexport: 172 jobs
2026-09-01 14:19:34,331 [INFO] main:   [OK]   MessageBird: 33 jobs
2026-09-01 14:19:34,339 [INFO] main:   [OK]   Mollie: 44 jobs
2026-09-01 14:19:34,375 [INFO] main:   [OK]   Datasnipper: 32 jobs
2026-09-01 14:19:34,404 [INFO] main:   [OK]   Optiver: 173 jobs
2026-09-01 14:19:34,484 [INFO] main:   [OK]   Picnic: 2 jobs
2026-09-01 14:19:34,484 [INFO] main:   [OK]   Samsara: 245 jobs
2026-09-01 14:19:34,538 [INFO] main:   [OK]   Uber: 1 jobs
2026-09-01 14:19:34,538 [INFO] main:   [OK]   Miro: 36 jobs
2026-09-01 14:19:34,551 [INFO] main:   [OK]   Datadog: 450 jobs
2026-09-01 14:19:34,663 [INFO] main:   [OK]   Bunq: 10 jobs
2026-09-01 14:19:34,674 [INFO] main:   [OK]   Stripe: 585 jobs
2026-09-01 14:19:34,796 [INFO] main:   [OK]   Mendix: 39 jobs
2026-09-01 14:19:34,803 [INFO] main:   [OK]   Databricks: 853 jobs
2026-09-01 14:19:34,935 [INFO] main:   [OK]   ServiceNow: 561 jobs
2026-09-01 14:19:34,945 [INFO] main:   [OK]   Workday: 40 jobs
2026-09-01 14:19:34,945 [INFO] main:   [OK]   Revolut: 6 jobs
2026-09-01 14:19:34,950 [INFO] main:   [OK]   Backbase: 20 jobs
2026-09-01 14:19:34,952 [INFO] main:   [OK]   Booking: 1 jobs
2026-09-01 14:19:34,952 [INFO] main:   [OK]   Atlassian: 27 jobs
2026-09-01 14:19:34,960 [INFO] main:   [OK]   Cisco: 3 jobs
2026-09-01 14:19:34,962 [INFO] main:   [OK]   Justeat: 21 jobs
2026-09-01 14:19:34,977 [INFO] main: SCAN DONE. sites_ok=25 sites_fail=0 new=2 high=0 med=0 instant=0
2026-09-01 14:19:34,986 [INFO] main: Sleeping 30 min...
2026-09-01 14:49:35,127 [INFO] main: ============================================================
2026-09-01 14:49:35,146 [INFO] main: SILENT SCAN START (25 sites)
2026-09-01 14:49:35,147 [INFO] main: ============================================================
2026-09-01 14:50:03,095 [INFO] scrapers.revolut: Revolut: fetched 6 jobs
2026-09-01 14:50:05,780 [INFO] scrapers.backbase: Backbase: fetched 20 jobs
2026-09-01 14:50:25,870 [INFO] scrapers.booking: Booking: fetched 1 jobs
2026-09-01 14:50:27,381 [INFO] scrapers.atlassian: Atlassian: fetched 27 jobs
2026-09-01 14:51:04,248 [INFO] scrapers.cisco: Cisco: fetched 3 jobs
2026-09-01 14:51:04,759 [INFO] scrapers.justeat: Justeat: fetched 21 jobs
2026-09-01 14:51:04,761 [INFO] main:   [OK]   Mews: 19 jobs
2026-09-01 14:51:04,777 [INFO] main:   [OK]   MessageBird: 33 jobs
2026-09-01 14:51:04,785 [INFO] main:   [OK]   Twilio: 136 jobs
2026-09-01 14:51:04,808 [INFO] main:   [OK]   Adyen: 224 jobs
2026-09-01 14:51:04,902 [INFO] main:   [OK]   Samsara: 245 jobs
2026-09-01 14:51:04,948 [INFO] main:   [OK]   Optiver: 173 jobs
2026-09-01 14:51:05,014 [INFO] main:   [OK]   Mollie: 45 jobs
2026-09-01 14:51:05,048 [INFO] main:   [OK]   Miro: 36 jobs
2026-09-01 14:51:05,059 [INFO] main:   [OK]   Datasnipper: 32 jobs
2026-09-01 14:51:05,085 [INFO] main:   [OK]   Flexport: 172 jobs
2026-09-01 14:51:05,122 [INFO] main:   [OK]   Uber: 1 jobs
2026-09-01 14:51:05,122 [INFO] main:   [OK]   Picnic: 2 jobs
2026-09-01 14:51:05,122 [INFO] main:   [OK]   Stripe: 586 jobs
2026-09-01 14:51:05,246 [INFO] main:   [OK]   Datadog: 450 jobs
2026-09-01 14:51:05,340 [INFO] main:   [OK]   Bunq: 10 jobs
2026-09-01 14:51:05,348 [INFO] main:   [OK]   Databricks: 853 jobs
2026-09-01 14:51:05,478 [INFO] main:   [OK]   Mendix: 39 jobs
2026-09-01 14:51:05,485 [INFO] main:   [OK]   ServiceNow: 562 jobs
2026-09-01 14:51:05,493 [INFO] main:   [OK]   Workday: 40 jobs
2026-09-01 14:51:05,493 [INFO] main:   [OK]   Revolut: 6 jobs
2026-09-01 14:51:05,494 [INFO] main:   [OK]   Backbase: 20 jobs
2026-09-01 14:51:05,495 [INFO] main:   [OK]   Booking: 1 jobs
2026-09-01 14:51:05,495 [INFO] main:   [OK]   Atlassian: 27 jobs
2026-09-01 14:51:05,503 [INFO] main:   [OK]   Cisco: 3 jobs
2026-09-01 14:51:05,504 [INFO] main:   [OK]   Justeat: 21 jobs
2026-09-01 14:51:05,515 [INFO] main: SCAN DONE. sites_ok=25 sites_fail=0 new=0 high=0 med=0 instant=0
2026-09-01 14:51:05,523 [INFO] main: Sleeping 30 min...
2026-09-01 15:21:05,638 [INFO] main: ============================================================
2026-09-01 15:21:05,652 [INFO] main: SILENT SCAN START (25 sites)
2026-09-01 15:21:05,653 [INFO] main: ============================================================
2026-09-01 15:21:32,559 [INFO] scrapers.revolut: Revolut: fetched 6 jobs
2026-09-01 15:21:35,250 [INFO] scrapers.backbase: Backbase: fetched 20 jobs
2026-09-01 15:21:50,910 [INFO] scrapers.booking: Booking: fetched 1 jobs
2026-09-01 15:21:53,242 [INFO] scrapers.atlassian: Atlassian: fetched 27 jobs
2026-09-01 15:22:25,830 [INFO] scrapers.cisco: Cisco: fetched 3 jobs
2026-09-01 15:22:31,991 [INFO] scrapers.justeat: Justeat: fetched 22 jobs
2026-09-01 15:22:31,992 [INFO] main:   [OK]   Mews: 19 jobs
2026-09-01 15:22:32,011 [INFO] main:   [OK]   MessageBird: 33 jobs
2026-09-01 15:22:32,019 [INFO] main:   [OK]   Twilio: 135 jobs
2026-09-01 15:22:32,045 [INFO] main:   [OK]   Adyen: 222 jobs
2026-09-01 15:22:32,135 [INFO] main:   [OK]   Flexport: 172 jobs
2026-09-01 15:22:32,168 [INFO] main:   [OK]   Mollie: 45 jobs
2026-09-01 15:22:32,192 [INFO] main:   [OK]   Datasnipper: 32 jobs
2026-09-01 15:22:32,214 [INFO] main:   [OK]   Picnic: 2 jobs
2026-09-01 15:22:32,214 [INFO] main:   [OK]   Optiver: 173 jobs
2026-09-01 15:22:32,286 [INFO] main:   [OK]   Miro: 36 jobs
2026-09-01 15:22:32,296 [INFO] main:   [OK]   Uber: 1 jobs
2026-09-01 15:22:32,296 [INFO] main:   [OK]   Samsara: 246 jobs
2026-09-01 15:22:32,352 [INFO] main:   [OK]   Datadog: 449 jobs
2026-09-01 15:22:32,446 [INFO] main:   [OK]   Stripe: 586 jobs
2026-09-01 15:22:32,555 [INFO] main:   [OK]   Bunq: 10 jobs
2026-09-01 15:22:32,564 [INFO] main:   [OK]   Databricks: 851 jobs
2026-09-01 15:22:32,688 [INFO] main:   [OK]   Mendix: 39 jobs
2026-09-01 15:22:32,697 [INFO] main:   [OK]   ServiceNow: 563 jobs
2026-09-01 15:22:32,707 [INFO] main:   [OK]   Workday: 40 jobs
2026-09-01 15:22:32,708 [INFO] main:   [OK]   Revolut: 6 jobs
2026-09-01 15:22:32,708 [INFO] main:   [OK]   Backbase: 20 jobs
2026-09-01 15:22:32,710 [INFO] main:   [OK]   Booking: 1 jobs
2026-09-01 15:22:32,710 [INFO] main:   [OK]   Atlassian: 27 jobs
2026-09-01 15:22:32,718 [INFO] main:   [OK]   Cisco: 3 jobs
2026-09-01 15:22:32,719 [INFO] main:   [OK]   Justeat: 22 jobs
2026-09-01 15:22:32,728 [INFO] main: SCAN DONE. sites_ok=25 sites_fail=0 new=0 high=0 med=0 instant=0
2026-09-01 15:22:32,735 [INFO] main: Sleeping 30 min...
2026-09-01 15:52:32,840 [INFO] main: ============================================================
2026-09-01 15:52:32,843 [INFO] main: SILENT SCAN START (25 sites)
2026-09-01 15:52:32,843 [INFO] main: ============================================================
2026-09-01 15:52:58,208 [INFO] scrapers.backbase: Backbase: fetched 20 jobs
2026-09-01 15:52:58,801 [INFO] scrapers.revolut: Revolut: fetched 6 jobs
2026-09-01 15:53:16,154 [INFO] scrapers.booking: Booking: fetched 1 jobs
2026-09-01 15:53:18,637 [INFO] scrapers.atlassian: Atlassian: fetched 27 jobs
2026-09-01 15:53:49,327 [INFO] scrapers.cisco: Cisco: fetched 3 jobs
2026-09-01 15:53:57,189 [INFO] scrapers.justeat: Justeat: fetched 21 jobs
2026-09-01 15:53:57,190 [INFO] main:   [OK]   Mews: 19 jobs
2026-09-01 15:53:57,212 [INFO] main:   [OK]   MessageBird: 33 jobs
2026-09-01 15:53:57,219 [INFO] main:   [OK]   Twilio: 135 jobs
2026-09-01 15:53:57,240 [INFO] main:   [OK]   Flexport: 172 jobs
2026-09-01 15:53:57,273 [INFO] main:   [OK]   Datasnipper: 32 jobs
2026-09-01 15:53:57,310 [INFO] main:   [OK]   Adyen: 222 jobs
2026-09-01 15:53:57,398 [INFO] main:   [OK]   Mollie: 45 jobs
2026-09-01 15:53:57,431 [INFO] main:   [OK]   Optiver: 173 jobs
2026-09-01 15:53:57,513 [INFO] main:   [OK]   Miro: 36 jobs
2026-09-01 15:53:57,521 [INFO] main:   [OK]   Picnic: 2 jobs
2026-09-01 15:53:57,521 [INFO] main:   [OK]   Samsara: 246 jobs
2026-09-01 15:53:57,572 [INFO] main:   [OK]   Uber: 1 jobs
2026-09-01 15:53:57,572 [INFO] main:   [OK]   Datadog: 449 jobs
2026-09-01 15:53:57,690 [INFO] main:   [OK]   Stripe: 586 jobs
2026-09-01 15:53:57,833 [INFO] main:   [OK]   Bunq: 10 jobs
2026-09-01 15:53:57,845 [INFO] main:   [OK]   Databricks: 851 jobs
2026-09-01 15:53:58,000 [INFO] main:   [OK]   Mendix: 39 jobs
2026-09-01 15:53:58,009 [INFO] main:   [OK]   ServiceNow: 563 jobs
2026-09-01 15:53:58,021 [INFO] main:   [OK]   Workday: 40 jobs
2026-09-01 15:53:58,022 [INFO] main:   [OK]   Backbase: 20 jobs
2026-09-01 15:53:58,023 [INFO] main:   [OK]   Revolut: 6 jobs
2026-09-01 15:53:58,023 [INFO] main:   [OK]   Booking: 1 jobs
2026-09-01 15:53:58,024 [INFO] main:   [OK]   Atlassian: 27 jobs
2026-09-01 15:53:58,032 [INFO] main:   [OK]   Cisco: 3 jobs
2026-09-01 15:53:58,034 [INFO] main:   [OK]   Justeat: 21 jobs
2026-09-01 15:53:58,049 [INFO] main: SCAN DONE. sites_ok=25 sites_fail=0 new=0 high=0 med=0 instant=0
2026-09-01 15:53:58,058 [INFO] main: Sleeping 30 min...
2026-09-01 16:23:58,167 [INFO] main: ============================================================
2026-09-01 16:23:58,183 [INFO] main: SILENT SCAN START (25 sites)
2026-09-01 16:23:58,186 [INFO] main: ============================================================
2026-09-01 16:24:25,205 [INFO] scrapers.revolut: Revolut: fetched 6 jobs
2026-09-01 16:24:27,937 [INFO] scrapers.backbase: Backbase: fetched 20 jobs
2026-09-01 16:24:45,013 [INFO] scrapers.booking: Booking: fetched 1 jobs
2026-09-01 16:24:47,165 [INFO] scrapers.atlassian: Atlassian: fetched 27 jobs
2026-09-01 16:25:21,013 [INFO] scrapers.cisco: Cisco: fetched 3 jobs
2026-09-01 16:25:24,957 [INFO] scrapers.justeat: Justeat: fetched 20 jobs
2026-09-01 16:25:24,958 [INFO] main:   [OK]   MessageBird: 33 jobs
2026-09-01 16:25:24,968 [INFO] main:   [OK]   Twilio: 135 jobs
2026-09-01 16:25:24,991 [INFO] main:   [OK]   Mews: 19 jobs
2026-09-01 16:25:25,007 [INFO] main:   [OK]   Flexport: 172 jobs
2026-09-01 16:25:25,043 [INFO] main:   [OK]   Adyen: 222 jobs
2026-09-01 16:25:25,143 [INFO] main:   [OK]   Mollie: 45 jobs
2026-09-01 16:25:25,170 [INFO] main:   [OK]   Datasnipper: 32 jobs
2026-09-01 16:25:25,194 [INFO] main:   [OK]   Miro: 36 jobs
2026-09-01 16:25:25,204 [INFO] main:   [OK]   Optiver: 173 jobs
2026-09-01 16:25:25,284 [INFO] main:   [OK]   Picnic: 2 jobs
2026-09-01 16:25:25,285 [INFO] main:   [OK]   Uber: 1 jobs
2026-09-01 16:25:25,285 [INFO] main:   [OK]   Datadog: 448 jobs
2026-09-01 16:25:25,383 [INFO] main:   [OK]   Bunq: 10 jobs
2026-09-01 16:25:25,394 [INFO] main:   [OK]   Samsara: 247 jobs
2026-09-01 16:25:25,440 [INFO] main:   [OK]   Stripe: 584 jobs
2026-09-01 16:25:25,558 [INFO] main:   [OK]   Mendix: 39 jobs
2026-09-01 16:25:25,564 [INFO] main:   [OK]   Databricks: 849 jobs
2026-09-01 16:25:25,700 [INFO] main:   [OK]   ServiceNow: 563 jobs
2026-09-01 16:25:25,714 [INFO] main:   [OK]   Workday: 40 jobs
2026-09-01 16:25:25,715 [INFO] main:   [OK]   Revolut: 6 jobs
2026-09-01 16:25:25,715 [INFO] main:   [OK]   Backbase: 20 jobs
2026-09-01 16:25:25,716 [INFO] main:   [OK]   Booking: 1 jobs
2026-09-01 16:25:25,716 [INFO] main:   [OK]   Atlassian: 27 jobs
2026-09-01 16:25:25,728 [INFO] main:   [OK]   Cisco: 3 jobs
2026-09-01 16:25:25,730 [INFO] main:   [OK]   Justeat: 20 jobs
2026-09-01 16:25:25,742 [INFO] main: SCAN DONE. sites_ok=25 sites_fail=0 new=0 high=0 med=0 instant=0
2026-09-01 16:25:25,749 [INFO] main: Sleeping 30 min...
2026-09-01 16:55:25,874 [INFO] main: ============================================================
2026-09-01 16:55:25,878 [INFO] main: SILENT SCAN START (25 sites)
2026-09-01 16:55:25,879 [INFO] main: ============================================================
2026-09-01 16:55:54,836 [INFO] scrapers.revolut: Revolut: fetched 6 jobs
2026-09-01 16:55:57,123 [INFO] scrapers.backbase: Backbase: fetched 20 jobs
2026-09-01 16:56:12,511 [INFO] scrapers.booking: Booking: fetched 1 jobs
2026-09-01 16:56:17,051 [INFO] scrapers.atlassian: Atlassian: fetched 27 jobs
2026-09-01 16:56:46,840 [INFO] scrapers.cisco: Cisco: fetched 3 jobs
2026-09-01 16:56:53,953 [INFO] scrapers.justeat: Justeat: fetched 21 jobs
2026-09-01 16:56:53,954 [INFO] main:   [OK]   Mews: 19 jobs
2026-09-01 16:56:53,977 [INFO] main:   [OK]   MessageBird: 33 jobs
2026-09-01 16:56:53,985 [INFO] main:   [OK]   Twilio: 136 jobs
2026-09-01 16:56:54,015 [INFO] main:   [OK]   Flexport: 172 jobs
2026-09-01 16:56:54,066 [INFO] main:   [OK]   Adyen: 222 jobs
2026-09-01 16:56:54,184 [INFO] main:   [OK]   Mollie: 44 jobs
2026-09-01 16:56:54,215 [INFO] main:   [OK]   Datasnipper: 32 jobs
2026-09-01 16:56:54,241 [INFO] main:   [OK]   Optiver: 173 jobs
2026-09-01 16:56:54,329 [INFO] main:   [OK]   Miro: 36 jobs
2026-09-01 16:56:54,343 [INFO] main:   [OK]   Picnic: 2 jobs
2026-09-01 16:56:54,344 [INFO] main:   [OK]   Uber: 1 jobs
2026-09-01 16:56:54,344 [INFO] main:   [OK]   Samsara: 246 jobs
2026-09-01 16:56:54,396 [INFO] main:   [OK]   Bunq: 10 jobs
2026-09-01 16:56:54,405 [INFO] main:   [OK]   Stripe: 587 jobs
2026-09-01 16:56:54,536 [INFO] main:   [OK]   Datadog: 448 jobs
2026-09-01 16:56:54,651 [INFO] main:   [OK]   Databricks: 858 jobs
2026-09-01 16:56:54,796 [INFO] main:   [OK]   ServiceNow: 563 jobs
2026-09-01 16:56:54,807 [INFO] main:   [OK]   Workday: 40 jobs
2026-09-01 16:56:54,808 [INFO] main:   [OK]   Mendix: 39 jobs
2026-09-01 16:56:54,814 [INFO] main:   [OK]   Revolut: 6 jobs
2026-09-01 16:56:54,814 [INFO] main:   [OK]   Backbase: 20 jobs
2026-09-01 16:56:54,817 [INFO] main:   [OK]   Booking: 1 jobs
2026-09-01 16:56:54,817 [INFO] main:   [OK]   Atlassian: 27 jobs
2026-09-01 16:56:54,826 [INFO] main:   [OK]   Cisco: 3 jobs
2026-09-01 16:56:54,828 [INFO] main:   [OK]   Justeat: 21 jobs
2026-09-01 16:56:54,840 [INFO] main: SCAN DONE. sites_ok=25 sites_fail=0 new=0 high=0 med=0 instant=0
2026-09-01 16:56:54,845 [INFO] main: Sleeping 30 min...
2026-09-01 17:26:55,103 [INFO] main: ============================================================
2026-09-01 17:26:55,161 [INFO] main: SILENT SCAN START (25 sites)
2026-09-01 17:26:55,164 [INFO] main: ============================================================
2026-09-01 17:27:32,834 [INFO] scrapers.revolut: Revolut: fetched 6 jobs
2026-09-01 17:27:34,299 [INFO] scrapers.backbase: Backbase: fetched 20 jobs
2026-09-01 17:27:52,690 [INFO] scrapers.booking: Booking: fetched 1 jobs
2026-09-01 17:27:54,062 [INFO] scrapers.atlassian: Atlassian: fetched 27 jobs
2026-09-01 17:28:27,311 [INFO] scrapers.cisco: Cisco: fetched 3 jobs
2026-09-01 17:28:38,536 [INFO] scrapers.justeat: Justeat: fetched 21 jobs
2026-09-01 17:28:38,574 [INFO] main:   [OK]   Mews: 19 jobs
2026-09-01 17:28:38,624 [INFO] main:   [OK]   Flexport: 172 jobs
2026-09-01 17:28:38,715 [INFO] main:   [OK]   Adyen: 222 jobs
2026-09-01 17:28:38,922 [INFO] main:   [OK]   Twilio: 136 jobs
2026-09-01 17:28:38,966 [INFO] main:   [OK]   Mollie: 44 jobs
2026-09-01 17:28:39,011 [INFO] main:   [OK]   Optiver: 173 jobs
2026-09-01 17:28:39,136 [INFO] main:   [OK]   Miro: 36 jobs
2026-09-01 17:28:39,153 [INFO] main:   [OK]   Datasnipper: 32 jobs
2026-09-01 17:28:39,201 [INFO] main:   [OK]   Picnic: 2 jobs
2026-09-01 17:28:39,201 [INFO] main:   [OK]   MessageBird: 33 jobs
2026-09-01 17:28:39,211 [INFO] main:   [OK]   Uber: 1 jobs
2026-09-01 17:28:39,212 [INFO] main:   [OK]   Stripe: 587 jobs
2026-09-01 17:28:39,381 [INFO] main:   [OK]   Datadog: 449 jobs
2026-09-01 17:28:39,510 [INFO] main:   [OK]   Bunq: 10 jobs
2026-09-01 17:28:39,520 [INFO] main:   [OK]   Samsara: 246 jobs
2026-09-01 17:28:39,579 [INFO] main:   [OK]   Mendix: 39 jobs
2026-09-01 17:28:39,590 [INFO] main:   [OK]   Databricks: 857 jobs
2026-09-01 17:28:39,784 [INFO] main:   [OK]   ServiceNow: 565 jobs
2026-09-01 17:28:39,797 [INFO] main:   [OK]   Workday: 40 jobs
2026-09-01 17:28:39,798 [INFO] main:   [OK]   Revolut: 6 jobs
2026-09-01 17:28:39,818 [INFO] main:   [OK]   Backbase: 20 jobs
2026-09-01 17:28:39,820 [INFO] main:   [OK]   Booking: 1 jobs
2026-09-01 17:28:39,820 [INFO] main:   [OK]   Atlassian: 27 jobs
2026-09-01 17:28:39,833 [INFO] main:   [OK]   Cisco: 3 jobs
2026-09-01 17:28:39,836 [INFO] main:   [OK]   Justeat: 21 jobs
2026-09-01 17:28:39,847 [INFO] main: SCAN DONE. sites_ok=25 sites_fail=0 new=1 high=0 med=0 instant=0
2026-09-01 17:28:39,858 [INFO] main: Sleeping 30 min...
2026-09-01 17:58:39,951 [INFO] main: ============================================================
2026-09-01 17:58:39,967 [INFO] main: SILENT SCAN START (25 sites)
2026-09-01 17:58:39,969 [INFO] main: ============================================================
2026-09-01 17:59:08,123 [INFO] scrapers.revolut: Revolut: fetched 6 jobs
2026-09-01 17:59:10,749 [INFO] scrapers.backbase: Backbase: fetched 20 jobs
2026-09-01 17:59:26,901 [INFO] scrapers.booking: Booking: fetched 1 jobs
2026-09-01 17:59:30,484 [INFO] scrapers.atlassian: Atlassian: fetched 27 jobs
2026-09-01 18:00:01,204 [INFO] scrapers.cisco: Cisco: fetched 3 jobs
2026-09-01 18:00:09,279 [INFO] scrapers.justeat: Justeat: fetched 21 jobs
2026-09-01 18:00:09,280 [INFO] main:   [OK]   Mews: 19 jobs
2026-09-01 18:00:09,293 [INFO] main:   [OK]   MessageBird: 33 jobs
2026-09-01 18:00:09,300 [INFO] main:   [OK]   Twilio: 136 jobs
2026-09-01 18:00:09,322 [INFO] main:   [OK]   Optiver: 172 jobs
2026-09-01 18:00:09,390 [INFO] main:   [OK]   Samsara: 246 jobs
2026-09-01 18:00:09,441 [INFO] main:   [OK]   Mollie: 44 jobs
2026-09-01 18:00:09,463 [INFO] main:   [OK]   Datasnipper: 31 jobs
2026-09-01 18:00:09,483 [INFO] main:   [OK]   Miro: 36 jobs
2026-09-01 18:00:09,492 [INFO] main:   [OK]   Flexport: 172 jobs
2026-09-01 18:00:09,526 [INFO] main:   [OK]   Uber: 1 jobs
2026-09-01 18:00:09,526 [INFO] main:   [OK]   Picnic: 2 jobs
2026-09-01 18:00:09,527 [INFO] main:   [OK]   Adyen: 222 jobs
2026-09-01 18:00:09,611 [INFO] main:   [OK]   Stripe: 586 jobs
2026-09-01 18:00:09,730 [INFO] main:   [OK]   Bunq: 10 jobs
2026-09-01 18:00:09,738 [INFO] main:   [OK]   Datadog: 448 jobs
2026-09-01 18:00:09,852 [INFO] main:   [OK]   Databricks: 856 jobs
2026-09-01 18:00:10,015 [INFO] main:   [OK]   Mendix: 39 jobs
2026-09-01 18:00:10,020 [INFO] main:   [OK]   ServiceNow: 566 jobs
2026-09-01 18:00:10,030 [INFO] main:   [OK]   Workday: 40 jobs
2026-09-01 18:00:10,031 [INFO] main:   [OK]   Revolut: 6 jobs
2026-09-01 18:00:10,064 [INFO] main:   [OK]   Backbase: 20 jobs
2026-09-01 18:00:10,065 [INFO] main:   [OK]   Booking: 1 jobs
2026-09-01 18:00:10,065 [INFO] main:   [OK]   Atlassian: 27 jobs
2026-09-01 18:00:10,073 [INFO] main:   [OK]   Cisco: 3 jobs
2026-09-01 18:00:10,075 [INFO] main:   [OK]   Justeat: 21 jobs
2026-09-01 18:00:10,084 [INFO] main: SCAN DONE. sites_ok=25 sites_fail=0 new=3 high=0 med=0 instant=0
2026-09-01 18:00:10,088 [INFO] main: Sleeping 30 min...
2026-09-01 18:30:10,213 [INFO] main: ============================================================
2026-09-01 18:30:10,276 [INFO] main: SILENT SCAN START (25 sites)
2026-09-01 18:30:10,278 [INFO] main: ============================================================
2026-09-01 18:30:41,223 [INFO] scrapers.revolut: Revolut: fetched 6 jobs
2026-09-01 18:30:46,923 [INFO] scrapers.backbase: Backbase: fetched 20 jobs
2026-09-01 18:31:05,643 [INFO] scrapers.atlassian: Atlassian: fetched 27 jobs
2026-09-01 18:31:07,426 [INFO] scrapers.booking: Booking: fetched 1 jobs
2026-09-01 18:31:40,483 [INFO] scrapers.cisco: Cisco: fetched 3 jobs
2026-09-01 18:31:47,896 [INFO] scrapers.justeat: Justeat: fetched 21 jobs
2026-09-01 18:31:47,932 [INFO] main:   [OK]   Mews: 19 jobs
2026-09-01 18:31:47,972 [INFO] main:   [OK]   Flexport: 172 jobs
2026-09-01 18:31:48,037 [INFO] main:   [OK]   Twilio: 135 jobs
2026-09-01 18:31:48,071 [INFO] main:   [OK]   MessageBird: 33 jobs
2026-09-01 18:31:48,089 [INFO] main:   [OK]   Adyen: 222 jobs
2026-09-01 18:31:48,247 [INFO] main:   [OK]   Optiver: 172 jobs
2026-09-01 18:31:48,366 [INFO] main:   [OK]   Mollie: 44 jobs
2026-09-01 18:31:48,404 [INFO] main:   [OK]   Datasnipper: 31 jobs
2026-09-01 18:31:48,442 [INFO] main:   [OK]   Miro: 36 jobs
2026-09-01 18:31:48,457 [INFO] main:   [OK]   Picnic: 2 jobs
2026-09-01 18:31:48,457 [INFO] main:   [OK]   Uber: 1 jobs
2026-09-01 18:31:48,457 [INFO] main:   [OK]   Samsara: 246 jobs
2026-09-01 18:31:48,523 [INFO] main:   [OK]   Stripe: 585 jobs
2026-09-01 18:31:48,679 [INFO] main:   [OK]   Bunq: 10 jobs
2026-09-01 18:31:48,689 [INFO] main:   [OK]   Datadog: 447 jobs
2026-09-01 18:31:48,822 [INFO] main:   [OK]   Databricks: 856 jobs
2026-09-01 18:31:49,007 [INFO] main:   [OK]   Mendix: 39 jobs
2026-09-01 18:31:49,016 [INFO] main:   [OK]   ServiceNow: 568 jobs
2026-09-01 18:31:49,031 [INFO] main:   [OK]   Workday: 40 jobs
2026-09-01 18:31:49,032 [INFO] main:   [OK]   Revolut: 6 jobs
2026-09-01 18:31:49,059 [INFO] main:   [OK]   Backbase: 20 jobs
2026-09-01 18:31:49,062 [INFO] main:   [OK]   Atlassian: 27 jobs
2026-09-01 18:31:49,075 [INFO] main:   [OK]   Booking: 1 jobs
2026-09-01 18:31:49,075 [INFO] main:   [OK]   Cisco: 3 jobs
2026-09-01 18:31:49,078 [INFO] main:   [OK]   Justeat: 21 jobs
2026-09-01 18:31:49,089 [INFO] main: SCAN DONE. sites_ok=25 sites_fail=0 new=2 high=0 med=0 instant=0
2026-09-01 18:31:49,100 [INFO] main: Sleeping 30 min...
2026-09-01 19:01:49,254 [INFO] main: ============================================================
2026-09-01 19:01:49,300 [INFO] main: SILENT SCAN START (25 sites)
2026-09-01 19:01:49,303 [INFO] main: ============================================================
2026-09-01 19:02:28,197 [INFO] scrapers.revolut: Revolut: fetched 6 jobs
2026-09-01 19:02:30,646 [INFO] scrapers.backbase: Backbase: fetched 20 jobs
2026-09-01 19:02:46,769 [INFO] scrapers.booking: Booking: fetched 1 jobs
2026-09-01 19:02:48,743 [INFO] scrapers.atlassian: Atlassian: fetched 27 jobs
2026-09-01 19:03:20,976 [INFO] scrapers.cisco: Cisco: fetched 3 jobs
2026-09-01 19:03:29,747 [INFO] scrapers.justeat: Justeat: fetched 21 jobs
2026-09-01 19:03:29,749 [INFO] main:   [OK]   MessageBird: 33 jobs
2026-09-01 19:03:29,759 [INFO] main:   [OK]   Adyen: 222 jobs
2026-09-01 19:03:29,873 [INFO] main:   [OK]   Twilio: 135 jobs
2026-09-01 19:03:29,895 [INFO] main:   [OK]   Optiver: 172 jobs
2026-09-01 19:03:29,978 [INFO] main:   [OK]   Datasnipper: 31 jobs
2026-09-01 19:03:30,002 [INFO] main:   [OK]   Mollie: 44 jobs
2026-09-01 19:03:30,024 [INFO] main:   [OK]   Datadog: 447 jobs
2026-09-01 19:03:30,121 [INFO] main:   [OK]   Picnic: 2 jobs
2026-09-01 19:03:30,122 [INFO] main:   [OK]   Flexport: 172 jobs
2026-09-01 19:03:30,157 [INFO] main:   [OK]   Uber: 1 jobs
2026-09-01 19:03:30,158 [INFO] main:   [OK]   Stripe: 586 jobs
2026-09-01 19:03:30,273 [INFO] main:   [OK]   Miro: 36 jobs
2026-09-01 19:03:30,282 [INFO] main:   [OK]   Bunq: 10 jobs
2026-09-01 19:03:30,289 [INFO] main:   [OK]   Databricks: 856 jobs
2026-09-01 19:03:30,420 [INFO] main:   [OK]   ServiceNow: 568 jobs
2026-09-01 19:03:30,436 [INFO] main:   [OK]   Mendix: 39 jobs
2026-09-01 19:03:30,442 [INFO] main:   [OK]   Workday: 40 jobs
2026-09-01 19:03:30,442 [INFO] main:   [OK]   Samsara: 245 jobs
2026-09-01 19:03:30,488 [INFO] main:   [OK]   Mews: 19 jobs
2026-09-01 19:03:30,498 [INFO] main:   [OK]   Revolut: 6 jobs
2026-09-01 19:03:30,503 [INFO] main:   [OK]   Backbase: 20 jobs
2026-09-01 19:03:30,504 [INFO] main:   [OK]   Booking: 1 jobs
2026-09-01 19:03:30,505 [INFO] main:   [OK]   Atlassian: 27 jobs
2026-09-01 19:03:30,512 [INFO] main:   [OK]   Cisco: 3 jobs
2026-09-01 19:03:30,513 [INFO] main:   [OK]   Justeat: 21 jobs
2026-09-01 19:03:30,523 [INFO] main: SCAN DONE. sites_ok=25 sites_fail=0 new=0 high=0 med=0 instant=0
2026-09-01 19:03:30,553 [INFO] digest: Daily digest: 0 matches. Silent mode - no popup shown.
2026-09-01 19:03:30,553 [INFO] main: DIGEST SENT: 0 matches. Report: C:\Users\dielomb\Documents\BOTJObs\data\reports\daily_2026-09-01.html
2026-09-01 19:03:30,553 [INFO] main: Sleeping 30 min...
2026-09-01 19:33:30,700 [INFO] main: ============================================================
2026-09-01 19:33:30,714 [INFO] main: SILENT SCAN START (25 sites)
2026-09-01 19:33:30,715 [INFO] main: ============================================================
2026-09-01 19:34:01,789 [INFO] scrapers.revolut: Revolut: fetched 6 jobs
2026-09-01 19:34:04,986 [INFO] scrapers.backbase: Backbase: fetched 20 jobs
2026-09-01 19:34:22,864 [INFO] scrapers.booking: Booking: fetched 1 jobs
2026-09-01 19:34:23,809 [INFO] scrapers.atlassian: Atlassian: fetched 27 jobs
2026-09-01 19:34:56,867 [INFO] scrapers.cisco: Cisco: fetched 3 jobs
2026-09-01 19:35:02,106 [INFO] scrapers.justeat: Justeat: fetched 20 jobs
2026-09-01 19:35:02,107 [INFO] main:   [OK]   Mews: 19 jobs
2026-09-01 19:35:02,128 [INFO] main:   [OK]   Samsara: 245 jobs
2026-09-01 19:35:02,178 [INFO] main:   [OK]   Twilio: 135 jobs
2026-09-01 19:35:02,202 [INFO] main:   [OK]   MessageBird: 33 jobs
2026-09-01 19:35:02,211 [INFO] main:   [OK]   Mollie: 44 jobs
2026-09-01 19:35:02,242 [INFO] main:   [OK]   Flexport: 172 jobs
2026-09-01 19:35:02,279 [INFO] main:   [OK]   Adyen: 222 jobs
2026-09-01 19:35:02,378 [INFO] main:   [OK]   Picnic: 2 jobs
2026-09-01 19:35:02,378 [INFO] main:   [OK]   Uber: 1 jobs
2026-09-01 19:35:02,378 [INFO] main:   [OK]   Datasnipper: 31 jobs
2026-09-01 19:35:02,400 [INFO] main:   [OK]   Datadog: 447 jobs
2026-09-01 19:35:02,520 [INFO] main:   [OK]   Miro: 36 jobs
2026-09-01 19:35:02,531 [INFO] main:   [OK]   Optiver: 172 jobs
2026-09-01 19:35:02,640 [INFO] main:   [OK]   Stripe: 586 jobs
2026-09-01 19:35:02,765 [INFO] main:   [OK]   Bunq: 10 jobs
2026-09-01 19:35:02,775 [INFO] main:   [OK]   Databricks: 860 jobs
2026-09-01 19:35:02,916 [INFO] main:   [OK]   ServiceNow: 565 jobs
2026-09-01 19:35:02,926 [INFO] main:   [OK]   Workday: 40 jobs
2026-09-01 19:35:02,927 [INFO] main:   [OK]   Mendix: 39 jobs
2026-09-01 19:35:02,934 [INFO] main:   [OK]   Revolut: 6 jobs
2026-09-01 19:35:02,935 [INFO] main:   [OK]   Backbase: 20 jobs
2026-09-01 19:35:02,936 [INFO] main:   [OK]   Booking: 1 jobs
2026-09-01 19:35:02,936 [INFO] main:   [OK]   Atlassian: 27 jobs
2026-09-01 19:35:02,945 [INFO] main:   [OK]   Cisco: 3 jobs
2026-09-01 19:35:02,947 [INFO] main:   [OK]   Justeat: 20 jobs
2026-09-01 19:35:02,955 [INFO] main: SCAN DONE. sites_ok=25 sites_fail=0 new=0 high=0 med=0 instant=0
2026-09-01 19:35:02,961 [INFO] main: Sleeping 30 min...
2026-09-01 20:05:03,051 [INFO] main: ============================================================
2026-09-01 20:05:03,066 [INFO] main: SILENT SCAN START (25 sites)
2026-09-01 20:05:03,069 [INFO] main: ============================================================
2026-09-01 20:05:34,080 [INFO] scrapers.revolut: Revolut: fetched 6 jobs
2026-09-01 20:05:35,739 [INFO] scrapers.backbase: Backbase: fetched 20 jobs
2026-09-01 20:05:52,796 [INFO] scrapers.booking: Booking: fetched 1 jobs
2026-09-01 20:05:56,445 [INFO] scrapers.atlassian: Atlassian: fetched 27 jobs
2026-09-01 20:06:26,831 [INFO] scrapers.cisco: Cisco: fetched 3 jobs
2026-09-01 20:06:34,591 [INFO] scrapers.justeat: Justeat: fetched 21 jobs
2026-09-01 20:06:34,592 [INFO] main:   [OK]   Mews: 19 jobs
2026-09-01 20:06:34,632 [INFO] main:   [OK]   MessageBird: 32 jobs
2026-09-01 20:06:34,639 [INFO] main:   [OK]   Twilio: 135 jobs
2026-09-01 20:06:34,661 [INFO] main:   [OK]   Flexport: 172 jobs
2026-09-01 20:06:34,706 [INFO] main:   [OK]   Samsara: 245 jobs
2026-09-01 20:06:34,753 [INFO] main:   [OK]   Mollie: 44 jobs
2026-09-01 20:06:34,778 [INFO] main:   [OK]   Datasnipper: 31 jobs
2026-09-01 20:06:34,804 [INFO] main:   [OK]   Optiver: 172 jobs
2026-09-01 20:06:34,880 [INFO] main:   [OK]   Adyen: 222 jobs
2026-09-01 20:06:34,982 [INFO] main:   [OK]   Uber: 1 jobs
2026-09-01 20:06:34,982 [INFO] main:   [OK]   Miro: 36 jobs
2026-09-01 20:06:34,990 [INFO] main:   [OK]   Picnic: 2 jobs
2026-09-01 20:06:34,990 [INFO] main:   [OK]   Datadog: 445 jobs
2026-09-01 20:06:35,081 [INFO] main:   [OK]   Stripe: 587 jobs
2026-09-01 20:06:35,195 [INFO] main:   [OK]   Bunq: 10 jobs
2026-09-01 20:06:35,203 [INFO] main:   [OK]   Mendix: 39 jobs
2026-09-01 20:06:35,210 [INFO] main:   [OK]   Databricks: 860 jobs
2026-09-01 20:06:35,342 [INFO] main:   [OK]   ServiceNow: 566 jobs
2026-09-01 20:06:35,352 [INFO] main:   [OK]   Workday: 40 jobs
2026-09-01 20:06:35,352 [INFO] main:   [OK]   Revolut: 6 jobs
2026-09-01 20:06:35,352 [INFO] main:   [OK]   Backbase: 20 jobs
2026-09-01 20:06:35,353 [INFO] main:   [OK]   Booking: 1 jobs
2026-09-01 20:06:35,353 [INFO] main:   [OK]   Atlassian: 27 jobs
2026-09-01 20:06:35,373 [INFO] main:   [OK]   Cisco: 3 jobs
2026-09-01 20:06:35,374 [INFO] main:   [OK]   Justeat: 21 jobs
2026-09-01 20:06:35,384 [INFO] main: SCAN DONE. sites_ok=25 sites_fail=0 new=0 high=0 med=0 instant=0
2026-09-01 20:06:35,395 [INFO] main: Sleeping 30 min...
2026-09-01 20:36:35,525 [INFO] main: ============================================================
2026-09-01 20:36:35,544 [INFO] main: SILENT SCAN START (25 sites)
2026-09-01 20:36:35,547 [INFO] main: ============================================================
2026-09-01 20:37:02,108 [INFO] scrapers.revolut: Revolut: fetched 6 jobs
2026-09-01 20:37:04,262 [INFO] scrapers.backbase: Backbase: fetched 20 jobs
2026-09-01 20:37:20,875 [INFO] scrapers.booking: Booking: fetched 1 jobs
2026-09-01 20:37:22,697 [INFO] scrapers.atlassian: Atlassian: fetched 27 jobs
2026-09-01 20:37:53,788 [INFO] scrapers.cisco: Cisco: fetched 3 jobs
2026-09-01 20:38:00,529 [INFO] scrapers.justeat: Justeat: fetched 21 jobs
2026-09-01 20:38:00,530 [INFO] main:   [OK]   Mews: 19 jobs
2026-09-01 20:38:00,551 [INFO] main:   [OK]   MessageBird: 32 jobs
2026-09-01 20:38:00,558 [INFO] main:   [OK]   Twilio: 135 jobs
2026-09-01 20:38:00,587 [INFO] main:   [OK]   Flexport: 172 jobs
2026-09-01 20:38:00,619 [INFO] main:   [OK]   Adyen: 222 jobs
2026-09-01 20:38:00,725 [INFO] main:   [OK]   Datasnipper: 31 jobs
2026-09-01 20:38:00,747 [INFO] main:   [OK]   Mollie: 44 jobs
2026-09-01 20:38:00,772 [INFO] main:   [OK]   Optiver: 172 jobs
2026-09-01 20:38:00,843 [INFO] main:   [OK]   Miro: 36 jobs
2026-09-01 20:38:00,853 [INFO] main:   [OK]   Samsara: 245 jobs
2026-09-01 20:38:00,897 [INFO] main:   [OK]   Picnic: 2 jobs
2026-09-01 20:38:00,897 [INFO] main:   [OK]   Uber: 1 jobs
2026-09-01 20:38:00,897 [INFO] main:   [OK]   Stripe: 587 jobs
2026-09-01 20:38:01,019 [INFO] main:   [OK]   Datadog: 446 jobs
2026-09-01 20:38:01,116 [INFO] main:   [OK]   Bunq: 10 jobs
2026-09-01 20:38:01,123 [INFO] main:   [OK]   Databricks: 860 jobs
2026-09-01 20:38:01,253 [INFO] main:   [OK]   Mendix: 39 jobs
2026-09-01 20:38:01,258 [INFO] main:   [OK]   ServiceNow: 567 jobs
2026-09-01 20:38:01,268 [INFO] main:   [OK]   Workday: 40 jobs
2026-09-01 20:38:01,268 [INFO] main:   [OK]   Revolut: 6 jobs
2026-09-01 20:38:01,296 [INFO] main:   [OK]   Backbase: 20 jobs
2026-09-01 20:38:01,298 [INFO] main:   [OK]   Booking: 1 jobs
2026-09-01 20:38:01,298 [INFO] main:   [OK]   Atlassian: 27 jobs
2026-09-01 20:38:01,306 [INFO] main:   [OK]   Cisco: 3 jobs
2026-09-01 20:38:01,308 [INFO] main:   [OK]   Justeat: 21 jobs
2026-09-01 20:38:01,317 [INFO] main: SCAN DONE. sites_ok=25 sites_fail=0 new=3 high=0 med=0 instant=0
2026-09-01 20:38:01,324 [INFO] main: Sleeping 30 min...
2026-09-01 21:08:01,476 [INFO] main: ============================================================
2026-09-01 21:08:01,492 [INFO] main: SILENT SCAN START (25 sites)
2026-09-01 21:08:01,493 [INFO] main: ============================================================
2026-09-01 21:08:29,137 [INFO] scrapers.revolut: Revolut: fetched 6 jobs
2026-09-01 21:08:30,749 [INFO] scrapers.backbase: Backbase: fetched 20 jobs
2026-09-01 21:08:46,814 [INFO] scrapers.booking: Booking: fetched 1 jobs
2026-09-01 21:08:50,535 [INFO] scrapers.atlassian: Atlassian: fetched 27 jobs
2026-09-01 21:09:19,877 [INFO] scrapers.cisco: Cisco: fetched 3 jobs
2026-09-01 21:09:28,694 [INFO] scrapers.justeat: Justeat: fetched 20 jobs
2026-09-01 21:09:28,695 [INFO] main:   [OK]   Mews: 19 jobs
2026-09-01 21:09:28,708 [INFO] main:   [OK]   MessageBird: 32 jobs
2026-09-01 21:09:28,716 [INFO] main:   [OK]   Twilio: 135 jobs
2026-09-01 21:09:28,738 [INFO] main:   [OK]   Flexport: 172 jobs
2026-09-01 21:09:28,771 [INFO] main:   [OK]   Optiver: 170 jobs
2026-09-01 21:09:28,842 [INFO] main:   [OK]   Adyen: 221 jobs
2026-09-01 21:09:28,932 [INFO] main:   [OK]   Datasnipper: 31 jobs
2026-09-01 21:09:28,952 [INFO] main:   [OK]   Mollie: 44 jobs
2026-09-01 21:09:28,974 [INFO] main:   [OK]   Samsara: 245 jobs
2026-09-01 21:09:29,021 [INFO] main:   [OK]   Picnic: 2 jobs
2026-09-01 21:09:29,022 [INFO] main:   [OK]   Uber: 1 jobs
2026-09-01 21:09:29,022 [INFO] main:   [OK]   Miro: 36 jobs
2026-09-01 21:09:29,028 [INFO] main:   [OK]   Datadog: 446 jobs
2026-09-01 21:09:29,130 [INFO] main:   [OK]   Stripe: 588 jobs
2026-09-01 21:09:29,240 [INFO] main:   [OK]   Bunq: 10 jobs
2026-09-01 21:09:29,247 [INFO] main:   [OK]   Databricks: 862 jobs
2026-09-01 21:09:29,389 [INFO] main:   [OK]   Mendix: 39 jobs
2026-09-01 21:09:29,394 [INFO] main:   [OK]   ServiceNow: 568 jobs
2026-09-01 21:09:29,407 [INFO] main:   [OK]   Workday: 40 jobs
2026-09-01 21:09:29,407 [INFO] main:   [OK]   Revolut: 6 jobs
2026-09-01 21:09:29,434 [INFO] main:   [OK]   Backbase: 20 jobs
2026-09-01 21:09:29,436 [INFO] main:   [OK]   Booking: 1 jobs
2026-09-01 21:09:29,437 [INFO] main:   [OK]   Atlassian: 27 jobs
2026-09-01 21:09:29,447 [INFO] main:   [OK]   Cisco: 3 jobs
2026-09-01 21:09:29,449 [INFO] main:   [OK]   Justeat: 20 jobs
2026-09-01 21:09:29,459 [INFO] main: SCAN DONE. sites_ok=25 sites_fail=0 new=2 high=0 med=0 instant=0
2026-09-01 21:09:29,465 [INFO] main: Sleeping 30 min...
2026-09-01 21:39:29,575 [INFO] main: ============================================================
2026-09-01 21:39:29,592 [INFO] main: SILENT SCAN START (25 sites)
2026-09-01 21:39:29,594 [INFO] main: ============================================================
2026-09-01 21:39:56,230 [INFO] scrapers.revolut: Revolut: fetched 6 jobs
2026-09-01 21:39:56,993 [INFO] scrapers.backbase: Backbase: fetched 20 jobs
2026-09-01 21:40:13,194 [INFO] scrapers.booking: Booking: fetched 1 jobs
2026-09-01 21:40:17,584 [INFO] scrapers.atlassian: Atlassian: fetched 27 jobs
2026-09-01 21:40:47,172 [INFO] scrapers.cisco: Cisco: fetched 3 jobs
2026-09-01 21:40:55,213 [INFO] scrapers.justeat: Justeat: fetched 21 jobs
2026-09-01 21:40:55,216 [INFO] main:   [OK]   MessageBird: 32 jobs
2026-09-01 21:40:55,223 [INFO] main:   [OK]   Twilio: 134 jobs
2026-09-01 21:40:55,248 [INFO] main:   [OK]   Flexport: 172 jobs
2026-09-01 21:40:55,292 [INFO] main:   [OK]   Adyen: 221 jobs
2026-09-01 21:40:55,398 [INFO] main:   [OK]   Optiver: 170 jobs
2026-09-01 21:40:55,471 [INFO] main:   [OK]   Mollie: 44 jobs
2026-09-01 21:40:55,493 [INFO] main:   [OK]   Datasnipper: 31 jobs
2026-09-01 21:40:55,520 [INFO] main:   [OK]   Mews: 19 jobs
2026-09-01 21:40:55,529 [INFO] main:   [OK]   Samsara: 245 jobs
2026-09-01 21:40:55,587 [INFO] main:   [OK]   Miro: 37 jobs
2026-09-01 21:40:55,596 [INFO] main:   [OK]   Picnic: 2 jobs
2026-09-01 21:40:55,597 [INFO] main:   [OK]   Uber: 1 jobs
2026-09-01 21:40:55,597 [INFO] main:   [OK]   Stripe: 588 jobs
2026-09-01 21:40:55,726 [INFO] main:   [OK]   Datadog: 447 jobs
2026-09-01 21:40:55,830 [INFO] main:   [OK]   Bunq: 10 jobs
2026-09-01 21:40:55,838 [INFO] main:   [OK]   Mendix: 39 jobs
2026-09-01 21:40:55,845 [INFO] main:   [OK]   ServiceNow: 566 jobs
2026-09-01 21:40:55,857 [INFO] main:   [OK]   Databricks: 862 jobs
2026-09-01 21:40:55,988 [INFO] main:   [OK]   Workday: 40 jobs
2026-09-01 21:40:55,989 [INFO] main:   [OK]   Revolut: 6 jobs
2026-09-01 21:40:55,994 [INFO] main:   [OK]   Backbase: 20 jobs
2026-09-01 21:40:55,996 [INFO] main:   [OK]   Booking: 1 jobs
2026-09-01 21:40:55,996 [INFO] main:   [OK]   Atlassian: 27 jobs
2026-09-01 21:40:56,004 [INFO] main:   [OK]   Cisco: 3 jobs
2026-09-01 21:40:56,005 [INFO] main:   [OK]   Justeat: 21 jobs
2026-09-01 21:40:56,013 [INFO] main: SCAN DONE. sites_ok=25 sites_fail=0 new=0 high=0 med=0 instant=0
2026-09-01 21:40:56,017 [INFO] main: Sleeping 30 min...
2026-09-01 22:10:56,155 [INFO] main: ============================================================
2026-09-01 22:10:56,169 [INFO] main: SILENT SCAN START (25 sites)
2026-09-01 22:10:56,170 [INFO] main: ============================================================
2026-09-01 22:11:36,043 [INFO] scrapers.revolut: Revolut: fetched 6 jobs
2026-09-01 22:11:41,312 [INFO] scrapers.backbase: Backbase: fetched 20 jobs
2026-09-01 22:11:54,994 [INFO] scrapers.atlassian: Atlassian: fetched 27 jobs
2026-09-01 22:11:56,915 [INFO] scrapers.booking: Booking: fetched 1 jobs
2026-09-01 22:12:30,265 [INFO] scrapers.cisco: Cisco: fetched 3 jobs
2026-09-01 22:12:38,526 [INFO] scrapers.justeat: Justeat: fetched 21 jobs
2026-09-01 22:12:38,562 [INFO] main:   [OK]   MessageBird: 32 jobs
2026-09-01 22:12:38,585 [INFO] main:   [OK]   Twilio: 134 jobs
2026-09-01 22:12:38,617 [INFO] main:   [OK]   Flexport: 172 jobs
2026-09-01 22:12:38,689 [INFO] main:   [OK]   Adyen: 221 jobs
2026-09-01 22:12:38,854 [INFO] main:   [OK]   Optiver: 170 jobs
2026-09-01 22:12:38,967 [INFO] main:   [OK]   Mews: 19 jobs
2026-09-01 22:12:38,986 [INFO] main:   [OK]   Miro: 37 jobs
2026-09-01 22:12:39,001 [INFO] main:   [OK]   Mollie: 44 jobs
2026-09-01 22:12:39,036 [INFO] main:   [OK]   Picnic: 2 jobs
2026-09-01 22:12:39,037 [INFO] main:   [OK]   Samsara: 245 jobs
2026-09-01 22:12:39,102 [INFO] main:   [OK]   Datasnipper: 31 jobs
2026-09-01 22:12:39,133 [INFO] main:   [OK]   Uber: 1 jobs
2026-09-01 22:12:39,133 [INFO] main:   [OK]   Stripe: 588 jobs
2026-09-01 22:12:39,352 [INFO] main:   [OK]   Datadog: 447 jobs
2026-09-01 22:12:39,486 [INFO] main:   [OK]   Bunq: 10 jobs
2026-09-01 22:12:39,498 [INFO] main:   [OK]   Mendix: 39 jobs
2026-09-01 22:12:39,506 [INFO] main:   [OK]   Databricks: 862 jobs
2026-09-01 22:12:39,705 [INFO] main:   [OK]   ServiceNow: 566 jobs
2026-09-01 22:12:39,720 [INFO] main:   [OK]   Workday: 40 jobs
2026-09-01 22:12:39,720 [INFO] main:   [OK]   Revolut: 6 jobs
2026-09-01 22:12:39,726 [INFO] main:   [OK]   Backbase: 20 jobs
2026-09-01 22:12:39,729 [INFO] main:   [OK]   Atlassian: 27 jobs
2026-09-01 22:12:39,739 [INFO] main:   [OK]   Booking: 1 jobs
2026-09-01 22:12:39,739 [INFO] main:   [OK]   Cisco: 3 jobs
2026-09-01 22:12:39,741 [INFO] main:   [OK]   Justeat: 21 jobs
2026-09-01 22:12:39,752 [INFO] main: SCAN DONE. sites_ok=25 sites_fail=0 new=0 high=0 med=0 instant=0
2026-09-01 22:12:39,763 [INFO] main: Sleeping 30 min...
2026-09-01 22:42:39,864 [INFO] main: ============================================================
2026-09-01 22:42:39,878 [INFO] main: SILENT SCAN START (25 sites)
2026-09-01 22:42:39,879 [INFO] main: ============================================================
2026-09-01 22:43:16,777 [INFO] scrapers.revolut: Revolut: fetched 6 jobs
2026-09-01 22:43:18,649 [INFO] scrapers.backbase: Backbase: fetched 20 jobs
2026-09-01 22:43:34,370 [INFO] scrapers.booking: Booking: fetched 1 jobs
2026-09-01 22:43:37,467 [INFO] scrapers.atlassian: Atlassian: fetched 27 jobs
2026-09-01 22:44:08,556 [INFO] scrapers.cisco: Cisco: fetched 3 jobs
2026-09-01 22:44:15,846 [INFO] scrapers.justeat: Justeat: fetched 21 jobs
2026-09-01 22:44:15,870 [INFO] main:   [OK]   Flexport: 172 jobs
2026-09-01 22:44:15,934 [INFO] main:   [OK]   Optiver: 170 jobs
2026-09-01 22:44:16,035 [INFO] main:   [OK]   Twilio: 134 jobs
2026-09-01 22:44:16,058 [INFO] main:   [OK]   Adyen: 221 jobs
2026-09-01 22:44:16,173 [INFO] main:   [OK]   Mews: 19 jobs
2026-09-01 22:44:16,185 [INFO] main:   [OK]   Mollie: 44 jobs
2026-09-01 22:44:16,213 [INFO] main:   [OK]   Samsara: 245 jobs
2026-09-01 22:44:16,265 [INFO] main:   [OK]   Picnic: 2 jobs
2026-09-01 22:44:16,265 [INFO] main:   [OK]   Datasnipper: 31 jobs
2026-09-01 22:44:16,293 [INFO] main:   [OK]   Miro: 37 jobs
2026-09-01 22:44:16,304 [INFO] main:   [OK]   Uber: 1 jobs
2026-09-01 22:44:16,304 [INFO] main:   [OK]   Datadog: 447 jobs
2026-09-01 22:44:16,415 [INFO] main:   [OK]   Bunq: 10 jobs
2026-09-01 22:44:16,426 [INFO] main:   [OK]   Databricks: 863 jobs
2026-09-01 22:44:16,589 [INFO] main:   [OK]   Mendix: 39 jobs
2026-09-01 22:44:16,597 [INFO] main:   [OK]   ServiceNow: 566 jobs
2026-09-01 22:44:16,607 [INFO] main:   [OK]   Workday: 40 jobs
2026-09-01 22:44:16,608 [INFO] main:   [OK]   MessageBird: 32 jobs
2026-09-01 22:44:16,617 [INFO] main:   [OK]   Stripe: 589 jobs
2026-09-01 22:44:16,743 [INFO] main:   [OK]   Revolut: 6 jobs
2026-09-01 22:44:16,748 [INFO] main:   [OK]   Backbase: 20 jobs
2026-09-01 22:44:16,750 [INFO] main:   [OK]   Booking: 1 jobs
2026-09-01 22:44:16,750 [INFO] main:   [OK]   Atlassian: 27 jobs
2026-09-01 22:44:16,760 [INFO] main:   [OK]   Cisco: 3 jobs
2026-09-01 22:44:16,762 [INFO] main:   [OK]   Justeat: 21 jobs
2026-09-01 22:44:16,771 [INFO] main: SCAN DONE. sites_ok=25 sites_fail=0 new=0 high=0 med=0 instant=0
2026-09-01 22:44:16,778 [INFO] main: Sleeping 30 min...
2026-09-02 14:22:42,893 [INFO] main: ============================================================
2026-09-02 14:22:42,910 [INFO] main: SILENT SCAN START (25 sites)
2026-09-02 14:22:42,911 [INFO] main: ============================================================
2026-09-02 14:23:14,555 [INFO] scrapers.revolut: Revolut: fetched 6 jobs
2026-09-02 14:23:20,108 [INFO] scrapers.backbase: Backbase: fetched 20 jobs
2026-09-02 14:23:37,324 [INFO] scrapers.booking: Booking: fetched 1 jobs
2026-09-02 14:23:40,818 [INFO] scrapers.atlassian: Atlassian: fetched 28 jobs
2026-09-02 14:24:11,873 [INFO] scrapers.cisco: Cisco: fetched 3 jobs
2026-09-02 14:24:18,143 [INFO] scrapers.justeat: Justeat: fetched 19 jobs
2026-09-02 14:24:18,145 [INFO] main:   [OK]   Mews: 19 jobs
2026-09-02 14:24:18,179 [INFO] main:   [OK]   Twilio: 136 jobs
2026-09-02 14:24:18,257 [INFO] main:   [OK]   Flexport: 174 jobs
2026-09-02 14:24:18,337 [INFO] main:   [OK]   Adyen: 223 jobs
2026-09-02 14:24:18,518 [INFO] main:   [OK]   MessageBird: 33 jobs
2026-09-02 14:24:18,529 [INFO] main:   [OK]   Mollie: 44 jobs
2026-09-02 14:24:18,564 [INFO] main:   [OK]   Samsara: 243 jobs
2026-09-02 14:24:18,630 [INFO] main:   [OK]   Optiver: 168 jobs
2026-09-02 14:24:18,749 [INFO] main:   [OK]   Picnic: 2 jobs
2026-09-02 14:24:18,750 [INFO] main:   [OK]   Uber: 1 jobs
2026-09-02 14:24:18,750 [INFO] main:   [OK]   Datadog: 441 jobs
2026-09-02 14:24:18,884 [INFO] main:   [OK]   Miro: 37 jobs
2026-09-02 14:24:18,899 [INFO] main:   [OK]   Bunq: 11 jobs
2026-09-02 14:24:18,913 [INFO] main:   [OK]   Stripe: 592 jobs
2026-09-02 14:24:19,049 [INFO] main:   [OK]   Datasnipper: 32 jobs
2026-09-02 14:24:19,077 [INFO] main:   [OK]   Databricks: 859 jobs
2026-09-02 14:24:19,252 [INFO] main:   [OK]   ServiceNow: 577 jobs
2026-09-02 14:24:19,268 [INFO] main:   [OK]   Workday: 40 jobs
2026-09-02 14:24:19,269 [INFO] main:   [OK]   Mendix: 39 jobs
2026-09-02 14:24:19,277 [INFO] main:   [OK]   Revolut: 6 jobs
2026-09-02 14:24:19,281 [INFO] main:   [OK]   Backbase: 20 jobs
2026-09-02 14:24:19,283 [INFO] main:   [OK]   Booking: 1 jobs
2026-09-02 14:24:19,283 [INFO] main:   [OK]   Atlassian: 28 jobs
2026-09-02 14:24:19,293 [INFO] main:   [OK]   Cisco: 3 jobs
2026-09-02 14:24:19,295 [INFO] main:   [OK]   Justeat: 19 jobs
2026-09-02 14:24:19,308 [INFO] main: SCAN DONE. sites_ok=25 sites_fail=0 new=4 high=0 med=0 instant=0
2026-09-02 14:24:19,323 [INFO] main: Sleeping 30 min...
2026-09-02 15:05:41,650 [INFO] main: ============================================================
2026-09-02 16:04:13,254 [INFO] main: SILENT SCAN START (25 sites)
2026-09-02 16:04:13,262 [INFO] main: ============================================================
2026-09-02 16:06:01,792 [INFO] scrapers.revolut: Revolut: fetched 6 jobs
2026-09-02 16:06:03,839 [INFO] scrapers.backbase: Backbase: fetched 20 jobs
2026-09-02 16:06:29,033 [INFO] scrapers.atlassian: Atlassian: fetched 28 jobs
2026-09-02 16:06:29,737 [INFO] scrapers.booking: Booking: fetched 1 jobs
2026-09-02 16:07:02,119 [INFO] scrapers.cisco: Cisco: fetched 3 jobs
2026-09-02 16:07:13,941 [INFO] scrapers.justeat: Justeat: fetched 21 jobs
2026-09-02 16:07:13,992 [INFO] main:   [OK]   Mews: 19 jobs
2026-09-02 16:07:14,050 [INFO] main:   [OK]   MessageBird: 33 jobs
2026-09-02 16:07:14,072 [INFO] main:   [OK]   Twilio: 137 jobs
2026-09-02 16:07:14,114 [INFO] main:   [OK]   Flexport: 174 jobs
2026-09-02 16:07:14,190 [INFO] main:   [OK]   Optiver: 168 jobs
2026-09-02 16:07:14,332 [INFO] main:   [OK]   Samsara: 244 jobs
2026-09-02 16:07:14,432 [INFO] main:   [OK]   Datadog: 441 jobs
2026-09-02 16:07:14,612 [INFO] main:   [OK]   Picnic: 2 jobs
2026-09-02 16:07:14,612 [INFO] main:   [OK]   Stripe: 593 jobs
2026-09-02 16:07:14,845 [INFO] main:   [OK]   Uber: 1 jobs
2026-09-02 16:07:14,846 [INFO] main:   [OK]   Adyen: 223 jobs
2026-09-02 16:07:15,009 [INFO] main:   [OK]   Datasnipper: 32 jobs
2026-09-02 16:07:15,048 [INFO] main:   [OK]   Miro: 38 jobs
2026-09-02 16:07:15,095 [INFO] main:   [OK]   Databricks: 859 jobs
2026-09-02 16:07:15,324 [INFO] main:   [OK]   Mollie: 45 jobs
2026-09-02 16:07:15,363 [INFO] main:   [OK]   Bunq: 12 jobs
2026-09-02 16:07:15,379 [INFO] main:   [OK]   ServiceNow: 578 jobs
2026-09-02 16:07:15,394 [INFO] main:   [OK]   Mendix: 39 jobs
2026-09-02 16:07:15,405 [INFO] main:   [OK]   Workday: 40 jobs
2026-09-02 16:07:15,406 [INFO] main:   [OK]   Revolut: 6 jobs
2026-09-02 16:07:15,415 [INFO] main:   [OK]   Backbase: 20 jobs
2026-09-02 16:07:15,418 [INFO] main:   [OK]   Atlassian: 28 jobs
2026-09-02 16:07:15,434 [INFO] main:   [OK]   Booking: 1 jobs
2026-09-02 16:07:15,434 [INFO] main:   [OK]   Cisco: 3 jobs
2026-09-02 16:07:15,436 [INFO] main:   [OK]   Justeat: 21 jobs
2026-09-02 16:07:15,448 [INFO] main: SCAN DONE. sites_ok=25 sites_fail=0 new=1 high=0 med=0 instant=0
2026-09-02 16:07:15,460 [INFO] main: Sleeping 30 min...
2026-09-02 16:37:15,422 [INFO] main: ============================================================
2026-09-02 16:37:15,455 [INFO] main: SILENT SCAN START (25 sites)
2026-09-02 16:37:15,457 [INFO] main: ============================================================
2026-09-02 16:37:43,495 [INFO] scrapers.revolut: Revolut: fetched 6 jobs
2026-09-02 16:37:45,838 [INFO] scrapers.backbase: Backbase: fetched 20 jobs
2026-09-02 16:38:01,760 [INFO] scrapers.booking: Booking: fetched 1 jobs
2026-09-02 16:38:03,853 [INFO] scrapers.atlassian: Atlassian: fetched 28 jobs
2026-09-02 16:38:36,988 [INFO] scrapers.cisco: Cisco: fetched 3 jobs
2026-09-02 16:38:47,768 [INFO] scrapers.justeat: Justeat: fetched 20 jobs
2026-09-02 16:38:47,769 [INFO] main:   [OK]   Mews: 19 jobs
2026-09-02 16:38:47,788 [INFO] main:   [OK]   Twilio: 137 jobs
2026-09-02 16:38:47,812 [INFO] main:   [OK]   Flexport: 174 jobs
2026-09-02 16:38:47,859 [INFO] main:   [OK]   MessageBird: 33 jobs
2026-09-02 16:38:47,869 [INFO] main:   [OK]   Adyen: 222 jobs
2026-09-02 16:38:47,988 [INFO] main:   [OK]   Mollie: 45 jobs
2026-09-02 16:38:48,028 [INFO] main:   [OK]   Optiver: 168 jobs
2026-09-02 16:38:48,129 [INFO] main:   [OK]   Datasnipper: 32 jobs
2026-09-02 16:38:48,158 [INFO] main:   [OK]   Picnic: 2 jobs
2026-09-02 16:38:48,158 [INFO] main:   [OK]   Miro: 38 jobs
2026-09-02 16:38:48,174 [INFO] main:   [OK]   Uber: 1 jobs
2026-09-02 16:38:48,174 [INFO] main:   [OK]   Datadog: 439 jobs
2026-09-02 16:38:48,296 [INFO] main:   [OK]   Stripe: 593 jobs
2026-09-02 16:38:48,434 [INFO] main:   [OK]   Bunq: 13 jobs
2026-09-02 16:38:48,447 [INFO] main:   [OK]   Samsara: 244 jobs
2026-09-02 16:38:48,511 [INFO] main:   [OK]   Databricks: 859 jobs
2026-09-02 16:38:48,695 [INFO] main:   [OK]   Mendix: 39 jobs
2026-09-02 16:38:48,705 [INFO] main:   [OK]   ServiceNow: 578 jobs
2026-09-02 16:38:48,724 [INFO] main:   [OK]   Workday: 40 jobs
2026-09-02 16:38:48,724 [INFO] main:   [OK]   Revolut: 6 jobs
2026-09-02 16:38:48,732 [INFO] main:   [OK]   Backbase: 20 jobs
2026-09-02 16:38:48,736 [INFO] main:   [OK]   Booking: 1 jobs
2026-09-02 16:38:48,737 [INFO] main:   [OK]   Atlassian: 28 jobs
2026-09-02 16:38:48,752 [INFO] main:   [OK]   Cisco: 3 jobs
2026-09-02 16:38:48,755 [INFO] main:   [OK]   Justeat: 20 jobs
2026-09-02 16:38:48,767 [INFO] main: SCAN DONE. sites_ok=25 sites_fail=0 new=0 high=0 med=0 instant=0
2026-09-02 16:38:48,775 [INFO] main: Sleeping 30 min...
2026-09-02 17:08:48,912 [INFO] main: ============================================================
2026-09-02 17:08:48,930 [INFO] main: SILENT SCAN START (25 sites)
2026-09-02 17:08:48,932 [INFO] main: ============================================================
2026-09-02 17:09:17,495 [INFO] scrapers.revolut: Revolut: fetched 6 jobs
2026-09-02 17:09:19,798 [INFO] scrapers.backbase: Backbase: fetched 20 jobs
2026-09-02 17:09:36,112 [INFO] scrapers.booking: Booking: fetched 1 jobs
2026-09-02 17:09:38,604 [INFO] scrapers.atlassian: Atlassian: fetched 28 jobs
2026-09-02 17:10:11,029 [INFO] scrapers.cisco: Cisco: fetched 3 jobs
2026-09-02 17:10:17,713 [INFO] scrapers.justeat: Justeat: fetched 21 jobs
2026-09-02 17:10:17,714 [INFO] main:   [OK]   MessageBird: 33 jobs
2026-09-02 17:10:17,725 [INFO] main:   [OK]   Samsara: 244 jobs
2026-09-02 17:10:17,776 [INFO] main:   [OK]   Adyen: 222 jobs
2026-09-02 17:10:17,883 [INFO] main:   [OK]   Mews: 19 jobs
2026-09-02 17:10:17,893 [INFO] main:   [OK]   Mollie: 45 jobs
2026-09-02 17:10:17,919 [INFO] main:   [OK]   Flexport: 174 jobs
2026-09-02 17:10:17,957 [INFO] main:   [OK]   Optiver: 168 jobs
2026-09-02 17:10:18,033 [INFO] main:   [OK]   Miro: 38 jobs
2026-09-02 17:10:18,045 [INFO] main:   [OK]   Datasnipper: 32 jobs
2026-09-02 17:10:18,069 [INFO] main:   [OK]   Picnic: 2 jobs
2026-09-02 17:10:18,069 [INFO] main:   [OK]   Twilio: 137 jobs
2026-09-02 17:10:18,091 [INFO] main:   [OK]   Uber: 1 jobs
2026-09-02 17:10:18,092 [INFO] main:   [OK]   Datadog: 440 jobs
2026-09-02 17:10:18,195 [INFO] main:   [OK]   Stripe: 593 jobs
2026-09-02 17:10:18,328 [INFO] main:   [OK]   Bunq: 13 jobs
2026-09-02 17:10:18,339 [INFO] main:   [OK]   Mendix: 39 jobs
2026-09-02 17:10:18,346 [INFO] main:   [OK]   Databricks: 859 jobs
2026-09-02 17:10:18,486 [INFO] main:   [OK]   ServiceNow: 579 jobs
2026-09-02 17:10:18,496 [INFO] main:   [OK]   Workday: 40 jobs
2026-09-02 17:10:18,496 [INFO] main:   [OK]   Revolut: 6 jobs
2026-09-02 17:10:18,496 [INFO] main:   [OK]   Backbase: 20 jobs
2026-09-02 17:10:18,498 [INFO] main:   [OK]   Booking: 1 jobs
2026-09-02 17:10:18,498 [INFO] main:   [OK]   Atlassian: 28 jobs
2026-09-02 17:10:18,508 [INFO] main:   [OK]   Cisco: 3 jobs
2026-09-02 17:10:18,509 [INFO] main:   [OK]   Justeat: 21 jobs
2026-09-02 17:10:18,518 [INFO] main: SCAN DONE. sites_ok=25 sites_fail=0 new=0 high=0 med=0 instant=0
2026-09-02 17:10:18,526 [INFO] main: Sleeping 30 min...
2026-09-02 17:40:18,655 [INFO] main: ============================================================
2026-09-02 17:40:18,671 [INFO] main: SILENT SCAN START (25 sites)
2026-09-02 17:40:18,672 [INFO] main: ============================================================
2026-09-02 17:40:46,515 [INFO] scrapers.revolut: Revolut: fetched 6 jobs
2026-09-02 17:40:49,383 [INFO] scrapers.backbase: Backbase: fetched 20 jobs
2026-09-02 17:41:04,971 [INFO] scrapers.booking: Booking: fetched 1 jobs
2026-09-02 17:41:06,880 [INFO] scrapers.atlassian: Atlassian: fetched 28 jobs
2026-09-02 17:41:39,719 [INFO] scrapers.cisco: Cisco: fetched 3 jobs
2026-09-02 17:41:45,614 [INFO] scrapers.justeat: Justeat: fetched 20 jobs
2026-09-02 17:41:45,616 [INFO] main:   [OK]   MessageBird: 32 jobs
2026-09-02 17:41:45,624 [INFO] main:   [OK]   Mews: 19 jobs
2026-09-02 17:41:45,641 [INFO] main:   [OK]   Flexport: 174 jobs
2026-09-02 17:41:45,674 [INFO] main:   [OK]   Samsara: 244 jobs
2026-09-02 17:41:45,717 [INFO] main:   [OK]   Twilio: 137 jobs
2026-09-02 17:41:45,736 [INFO] main:   [OK]   Mollie: 45 jobs
2026-09-02 17:41:45,761 [INFO] main:   [OK]   Datasnipper: 32 jobs
2026-09-02 17:41:45,781 [INFO] main:   [OK]   Adyen: 222 jobs
2026-09-02 17:41:45,871 [INFO] main:   [OK]   Miro: 37 jobs
2026-09-02 17:41:45,881 [INFO] main:   [OK]   Picnic: 2 jobs
2026-09-02 17:41:45,881 [INFO] main:   [OK]   Uber: 1 jobs
2026-09-02 17:41:45,881 [INFO] main:   [OK]   Optiver: 168 jobs
2026-09-02 17:41:45,950 [INFO] main:   [OK]   Stripe: 593 jobs
2026-09-02 17:41:46,065 [INFO] main:   [OK]   Bunq: 13 jobs
2026-09-02 17:41:46,076 [INFO] main:   [OK]   Datadog: 439 jobs
2026-09-02 17:41:46,162 [INFO] main:   [OK]   Mendix: 39 jobs
2026-09-02 17:41:46,171 [INFO] main:   [OK]   Databricks: 859 jobs
2026-09-02 17:41:46,294 [INFO] main:   [OK]   ServiceNow: 579 jobs
2026-09-02 17:41:46,305 [INFO] main:   [OK]   Workday: 40 jobs
2026-09-02 17:41:46,306 [INFO] main:   [OK]   Revolut: 6 jobs
2026-09-02 17:41:46,311 [INFO] main:   [OK]   Backbase: 20 jobs
2026-09-02 17:41:46,312 [INFO] main:   [OK]   Booking: 1 jobs
2026-09-02 17:41:46,312 [INFO] main:   [OK]   Atlassian: 28 jobs
2026-09-02 17:41:46,321 [INFO] main:   [OK]   Cisco: 3 jobs
2026-09-02 17:41:46,322 [INFO] main:   [OK]   Justeat: 20 jobs
2026-09-02 17:41:46,331 [INFO] main: SCAN DONE. sites_ok=25 sites_fail=0 new=0 high=0 med=0 instant=0
2026-09-02 17:41:46,336 [INFO] main: Sleeping 30 min...
2026-09-02 18:11:46,479 [INFO] main: ============================================================
2026-09-02 18:11:46,496 [INFO] main: SILENT SCAN START (25 sites)
2026-09-02 18:11:46,498 [INFO] main: ============================================================
2026-09-02 18:12:16,894 [INFO] scrapers.revolut: Revolut: fetched 6 jobs
2026-09-02 18:12:18,956 [INFO] scrapers.backbase: Backbase: fetched 20 jobs
2026-09-02 18:12:34,813 [INFO] scrapers.booking: Booking: fetched 1 jobs
2026-09-02 18:12:37,291 [INFO] scrapers.atlassian: Atlassian: fetched 28 jobs
2026-09-02 18:13:08,787 [INFO] scrapers.cisco: Cisco: fetched 3 jobs
2026-09-02 18:13:16,397 [INFO] scrapers.justeat: Justeat: fetched 21 jobs
2026-09-02 18:13:16,399 [INFO] main:   [OK]   Twilio: 138 jobs
2026-09-02 18:13:16,444 [INFO] main:   [OK]   Mews: 19 jobs
2026-09-02 18:13:16,459 [INFO] main:   [OK]   MessageBird: 32 jobs
2026-09-02 18:13:16,466 [INFO] main:   [OK]   Flexport: 174 jobs
2026-09-02 18:13:16,510 [INFO] main:   [OK]   Optiver: 167 jobs
2026-09-02 18:13:16,585 [INFO] main:   [OK]   Adyen: 222 jobs
2026-09-02 18:13:16,691 [INFO] main:   [OK]   Samsara: 244 jobs
2026-09-02 18:13:16,750 [INFO] main:   [OK]   Uber: 1 jobs
2026-09-02 18:13:16,751 [INFO] main:   [OK]   Miro: 37 jobs
2026-09-02 18:13:16,763 [INFO] main:   [OK]   Mollie: 45 jobs
2026-09-02 18:13:16,793 [INFO] main:   [OK]   Datasnipper: 34 jobs
2026-09-02 18:13:16,833 [INFO] main:   [OK]   Picnic: 2 jobs
2026-09-02 18:13:16,834 [INFO] main:   [OK]   Datadog: 439 jobs
2026-09-02 18:13:16,995 [INFO] main:   [OK]   Stripe: 593 jobs
2026-09-02 18:13:17,156 [INFO] main:   [OK]   Bunq: 13 jobs
2026-09-02 18:13:17,190 [INFO] main:   [OK]   Mendix: 39 jobs
2026-09-02 18:13:17,198 [INFO] main:   [OK]   ServiceNow: 577 jobs
2026-09-02 18:13:17,213 [INFO] main:   [OK]   Databricks: 858 jobs
2026-09-02 18:13:17,381 [INFO] main:   [OK]   Workday: 40 jobs
2026-09-02 18:13:17,382 [INFO] main:   [OK]   Revolut: 6 jobs
2026-09-02 18:13:17,387 [INFO] main:   [OK]   Backbase: 20 jobs
2026-09-02 18:13:17,389 [INFO] main:   [OK]   Booking: 1 jobs
2026-09-02 18:13:17,389 [INFO] main:   [OK]   Atlassian: 28 jobs
2026-09-02 18:13:17,399 [INFO] main:   [OK]   Cisco: 3 jobs
2026-09-02 18:13:17,402 [INFO] main:   [OK]   Justeat: 21 jobs
2026-09-02 18:13:17,443 [INFO] main: SCAN DONE. sites_ok=25 sites_fail=0 new=0 high=0 med=0 instant=0
2026-09-02 18:13:17,447 [INFO] main: Sleeping 30 min...
2026-09-02 18:43:17,590 [INFO] main: ============================================================
2026-09-02 18:43:17,609 [INFO] main: SILENT SCAN START (25 sites)
2026-09-02 18:43:17,610 [INFO] main: ============================================================
2026-09-02 18:43:45,958 [INFO] scrapers.revolut: Revolut: fetched 6 jobs
2026-09-02 18:43:48,570 [INFO] scrapers.backbase: Backbase: fetched 20 jobs
2026-09-02 18:44:05,398 [INFO] scrapers.booking: Booking: fetched 1 jobs
2026-09-02 18:44:07,598 [INFO] scrapers.atlassian: Atlassian: fetched 28 jobs
2026-09-02 18:44:38,785 [INFO] scrapers.cisco: Cisco: fetched 3 jobs
2026-09-02 18:44:45,960 [INFO] scrapers.justeat: Justeat: fetched 21 jobs
2026-09-02 18:44:45,961 [INFO] main:   [OK]   Mews: 19 jobs
2026-09-02 18:44:45,979 [INFO] main:   [OK]   MessageBird: 32 jobs
2026-09-02 18:44:45,990 [INFO] main:   [OK]   Flexport: 174 jobs
2026-09-02 18:44:46,031 [INFO] main:   [OK]   Adyen: 223 jobs
2026-09-02 18:44:46,146 [INFO] main:   [OK]   Optiver: 167 jobs
2026-09-02 18:44:46,246 [INFO] main:   [OK]   Twilio: 138 jobs
2026-09-02 18:44:46,274 [INFO] main:   [OK]   Samsara: 244 jobs
2026-09-02 18:44:46,343 [INFO] main:   [OK]   Mollie: 45 jobs
2026-09-02 18:44:46,373 [INFO] main:   [OK]   Picnic: 2 jobs
2026-09-02 18:44:46,374 [INFO] main:   [OK]   Datasnipper: 34 jobs
2026-09-02 18:44:46,402 [INFO] main:   [OK]   Miro: 37 jobs
2026-09-02 18:44:46,419 [INFO] main:   [OK]   Uber: 1 jobs
2026-09-02 18:44:46,419 [INFO] main:   [OK]   Stripe: 592 jobs
2026-09-02 18:44:46,587 [INFO] main:   [OK]   Bunq: 13 jobs
2026-09-02 18:44:46,600 [INFO] main:   [OK]   Databricks: 857 jobs
2026-09-02 18:44:46,775 [INFO] main:   [OK]   Datadog: 440 jobs
2026-09-02 18:44:46,884 [INFO] main:   [OK]   Mendix: 39 jobs
2026-09-02 18:44:46,891 [INFO] main:   [OK]   ServiceNow: 578 jobs
2026-09-02 18:44:46,901 [INFO] main:   [OK]   Workday: 40 jobs
2026-09-02 18:44:46,902 [INFO] main:   [OK]   Revolut: 6 jobs
2026-09-02 18:44:46,908 [INFO] main:   [OK]   Backbase: 20 jobs
2026-09-02 18:44:46,911 [INFO] main:   [OK]   Booking: 1 jobs
2026-09-02 18:44:46,911 [INFO] main:   [OK]   Atlassian: 28 jobs
2026-09-02 18:44:46,925 [INFO] main:   [OK]   Cisco: 3 jobs
2026-09-02 18:44:46,927 [INFO] main:   [OK]   Justeat: 21 jobs
2026-09-02 18:44:46,954 [INFO] main: SCAN DONE. sites_ok=25 sites_fail=0 new=0 high=0 med=0 instant=0
2026-09-02 18:44:46,965 [INFO] main: Sleeping 30 min...
2026-09-02 19:10:47,368 [INFO] main: LOOP MODE started. Scan every 30 min. Digest at 19:00 local.
2026-09-02 19:10:59,621 [INFO] main: ============================================================
2026-09-02 19:10:59,621 [INFO] main: SILENT SCAN START (25 sites)
2026-09-02 19:10:59,622 [INFO] main: ============================================================
2026-09-02 19:11:26,438 [INFO] scrapers.revolut: Revolut: fetched 6 jobs
2026-09-02 19:11:28,093 [INFO] scrapers.backbase: Backbase: fetched 20 jobs
2026-09-02 19:11:44,168 [INFO] scrapers.booking: Booking: fetched 1 jobs
2026-09-02 19:11:54,878 [INFO] scrapers.atlassian: Atlassian: fetched 28 jobs
2026-09-02 19:12:37,255 [INFO] scrapers.cisco: Cisco: fetched 3 jobs
2026-09-02 19:12:37,348 [INFO] scrapers.justeat: Justeat: fetched 21 jobs
2026-09-02 19:12:37,349 [INFO] main:   [OK]   MessageBird: 32 jobs
2026-09-02 19:12:37,360 [INFO] main:   [OK]   Mews: 19 jobs
2026-09-02 19:12:37,374 [INFO] main:   [OK]   Adyen: 223 jobs
2026-09-02 19:12:37,501 [INFO] main:   [OK]   Datasnipper: 34 jobs
2026-09-02 19:12:37,529 [INFO] main:   [OK]   Mollie: 45 jobs
2026-09-02 19:12:37,558 [INFO] main:   [OK]   Flexport: 174 jobs
2026-09-02 19:12:37,606 [INFO] main:   [OK]   Picnic: 2 jobs
2026-09-02 19:12:37,607 [INFO] main:   [OK]   Twilio: 138 jobs
2026-09-02 19:12:37,637 [INFO] main:   [OK]   Uber: 1 jobs
2026-09-02 19:12:37,637 [INFO] main:   [OK]   Samsara: 245 jobs
2026-09-02 19:12:37,708 [INFO] main:   [OK]   Miro: 37 jobs
2026-09-02 19:12:37,723 [INFO] main:   [OK]   Optiver: 167 jobs
2026-09-02 19:12:37,834 [INFO] main:   [OK]   Stripe: 591 jobs
2026-09-02 19:12:38,056 [INFO] main:   --> INSTANT NOTIF [57] Stripe: React Native Engineer, Merchant Experience Mobile
2026-09-02 19:12:38,103 [INFO] main:   [OK]   Datadog: 439 jobs
2026-09-02 19:12:38,268 [INFO] main:   [OK]   Bunq: 13 jobs
2026-09-02 19:12:38,276 [INFO] main:   [OK]   Mendix: 39 jobs
2026-09-02 19:12:38,282 [INFO] main:   [OK]   Databricks: 857 jobs
2026-09-02 19:12:38,420 [INFO] main:   [OK]   ServiceNow: 578 jobs
2026-09-02 19:12:38,431 [INFO] main:   [OK]   Workday: 40 jobs
2026-09-02 19:12:38,432 [INFO] main:   [OK]   Revolut: 6 jobs
2026-09-02 19:12:38,434 [INFO] main:   [OK]   Backbase: 20 jobs
2026-09-02 19:12:38,436 [INFO] main:   [OK]   Booking: 1 jobs
2026-09-02 19:12:38,437 [INFO] main:   [OK]   Atlassian: 28 jobs
2026-09-02 19:12:38,445 [INFO] main:   [OK]   Cisco: 3 jobs
2026-09-02 19:12:38,447 [INFO] main:   [OK]   Justeat: 21 jobs
2026-09-02 19:12:38,454 [INFO] main: SCAN DONE. sites_ok=25 sites_fail=0 new=9 high=0 med=1 instant=1
2026-09-02 19:12:38,485 [INFO] digest: Daily digest sent. 1 matches, report: C:\Users\dielomb\Documents\BOTJObs\data\reports\daily_2026-09-02.html
2026-09-02 19:12:38,485 [INFO] main: DIGEST SENT: 1 matches. Report: C:\Users\dielomb\Documents\BOTJObs\data\reports\daily_2026-09-02.html
2026-09-02 19:12:38,485 [INFO] main: Sleeping 30 min...
2026-09-02 19:22:59,501 [INFO] main: LOOP MODE started. Scan every 30 min. Digest at 19:00 local.
2026-09-02 19:23:17,400 [INFO] main: ============================================================
2026-09-02 19:23:17,401 [INFO] main: SILENT SCAN START (25 sites)
2026-09-02 19:23:17,401 [INFO] main: ============================================================
2026-09-02 19:23:39,774 [INFO] scrapers.revolut: Revolut: fetched 6 jobs
2026-09-02 19:23:41,436 [INFO] scrapers.backbase: Backbase: fetched 20 jobs
2026-09-02 19:23:56,097 [INFO] scrapers.booking: Booking: fetched 1 jobs
2026-09-02 19:24:00,702 [INFO] scrapers.atlassian: Atlassian: fetched 28 jobs
2026-09-02 19:24:28,597 [INFO] scrapers.cisco: Cisco: fetched 3 jobs
2026-09-02 19:24:37,030 [INFO] scrapers.justeat: Justeat: fetched 21 jobs
2026-09-02 19:24:37,031 [INFO] main:   [OK]   Mews: 19 jobs
2026-09-02 19:24:37,042 [INFO] main:   [OK]   MessageBird: 32 jobs
2026-09-02 19:24:37,049 [INFO] main:   [OK]   Twilio: 138 jobs
2026-09-02 19:24:37,068 [INFO] main:   [OK]   Adyen: 223 jobs
2026-09-02 19:24:37,158 [INFO] main:   [OK]   Mollie: 45 jobs
2026-09-02 19:24:37,181 [INFO] main:   [OK]   Flexport: 173 jobs
2026-09-02 19:24:37,212 [INFO] main:   [OK]   Datasnipper: 34 jobs
2026-09-02 19:24:37,233 [INFO] main:   [OK]   Optiver: 167 jobs
2026-09-02 19:24:37,305 [INFO] main:   [OK]   Samsara: 245 jobs
2026-09-02 19:24:37,351 [INFO] main:   [OK]   Picnic: 2 jobs
2026-09-02 19:24:37,352 [INFO] main:   [OK]   Miro: 37 jobs
2026-09-02 19:24:37,364 [INFO] main:   [OK]   Uber: 1 jobs
2026-09-02 19:24:37,364 [INFO] main:   [OK]   Datadog: 439 jobs
2026-09-02 19:24:37,458 [INFO] main:   [OK]   Stripe: 591 jobs
2026-09-02 19:24:37,569 [INFO] main:   [OK]   Bunq: 13 jobs
2026-09-02 19:24:37,576 [INFO] main:   [OK]   Databricks: 854 jobs
2026-09-02 19:24:37,696 [INFO] main:   [OK]   ServiceNow: 579 jobs
2026-09-02 19:24:37,706 [INFO] main:   [OK]   Mendix: 39 jobs
2026-09-02 19:24:37,710 [INFO] main:   [OK]   Workday: 40 jobs
2026-09-02 19:24:37,711 [INFO] main:   [OK]   Revolut: 6 jobs
2026-09-02 19:24:37,717 [INFO] main:   [OK]   Backbase: 20 jobs
2026-09-02 19:24:37,720 [INFO] main:   [OK]   Booking: 1 jobs
2026-09-02 19:24:37,720 [INFO] main:   [OK]   Atlassian: 28 jobs
2026-09-02 19:24:37,731 [INFO] main:   [OK]   Cisco: 3 jobs
2026-09-02 19:24:37,747 [INFO] main:   [OK]   Justeat: 21 jobs
2026-09-02 19:24:37,756 [INFO] main: SCAN DONE. sites_ok=25 sites_fail=0 new=0 high=0 med=0 instant=0
2026-09-02 19:24:37,825 [INFO] digest: Daily digest sent. 1 matches, report: C:\Users\dielomb\Documents\BOTJObs\data\reports\daily_2026-09-02.html
2026-09-02 19:24:37,825 [INFO] main: DIGEST SENT: 1 matches. Report: C:\Users\dielomb\Documents\BOTJObs\data\reports\daily_2026-09-02.html
2026-09-02 19:24:37,825 [INFO] main: Sleeping 30 min...
2026-09-02 19:54:38,029 [INFO] main: ============================================================
2026-09-02 19:54:38,031 [INFO] main: SILENT SCAN START (25 sites)
2026-09-02 19:54:38,031 [INFO] main: ============================================================
2026-09-02 19:55:02,648 [INFO] scrapers.revolut: Revolut: fetched 6 jobs
2026-09-02 19:55:04,728 [INFO] scrapers.backbase: Backbase: fetched 20 jobs
2026-09-02 19:55:19,257 [INFO] scrapers.booking: Booking: fetched 1 jobs
2026-09-02 19:55:23,707 [INFO] scrapers.atlassian: Atlassian: fetched 28 jobs
2026-09-02 19:55:51,976 [INFO] scrapers.cisco: Cisco: fetched 3 jobs
2026-09-02 19:56:02,137 [INFO] scrapers.justeat: Justeat: fetched 21 jobs
2026-09-02 19:56:02,138 [INFO] main:   [OK]   MessageBird: 32 jobs
2026-09-02 19:56:02,145 [INFO] main:   [OK]   Mews: 20 jobs
2026-09-02 19:56:02,156 [INFO] main:   [OK]   Adyen: 223 jobs
2026-09-02 19:56:02,239 [INFO] main:   [OK]   Flexport: 173 jobs
2026-09-02 19:56:02,272 [INFO] main:   [OK]   Twilio: 138 jobs
2026-09-02 19:56:02,291 [INFO] main:   [OK]   Mollie: 45 jobs
2026-09-02 19:56:02,315 [INFO] main:   [OK]   Optiver: 167 jobs
2026-09-02 19:56:02,381 [INFO] main:   [OK]   Datasnipper: 34 jobs
2026-09-02 19:56:02,402 [INFO] main:   [OK]   Picnic: 2 jobs
2026-09-02 19:56:02,403 [INFO] main:   [OK]   Samsara: 245 jobs
2026-09-02 19:56:02,447 [INFO] main:   [OK]   Uber: 1 jobs
2026-09-02 19:56:02,447 [INFO] main:   [OK]   Miro: 37 jobs
2026-09-02 19:56:02,459 [INFO] main:   [OK]   Datadog: 439 jobs
2026-09-02 19:56:02,553 [INFO] main:   [OK]   Bunq: 13 jobs
2026-09-02 19:56:02,559 [INFO] main:   [OK]   Stripe: 592 jobs
2026-09-02 19:56:02,673 [INFO] main:   [OK]   Databricks: 857 jobs
2026-09-02 19:56:02,818 [INFO] main:   --> INSTANT NOTIF [51] Databricks: Solutions Architect (Pre-sales) - Benelux Strategic Accounts
2026-09-02 19:56:02,847 [INFO] main:   [OK]   ServiceNow: 576 jobs
2026-09-02 19:56:02,855 [INFO] main:   [OK]   Mendix: 39 jobs
2026-09-02 19:56:02,860 [INFO] main:   [OK]   Workday: 40 jobs
2026-09-02 19:56:02,861 [INFO] main:   [OK]   Revolut: 6 jobs
2026-09-02 19:56:02,864 [INFO] main:   [OK]   Backbase: 20 jobs
2026-09-02 19:56:02,865 [INFO] main:   [OK]   Booking: 1 jobs
2026-09-02 19:56:02,865 [INFO] main:   [OK]   Atlassian: 28 jobs
2026-09-02 19:56:02,890 [INFO] main:   [OK]   Cisco: 3 jobs
2026-09-02 19:56:02,891 [INFO] main:   [OK]   Justeat: 21 jobs
2026-09-02 19:56:02,898 [INFO] main: SCAN DONE. sites_ok=25 sites_fail=0 new=3 high=0 med=1 instant=1
2026-09-02 19:56:02,906 [INFO] main: Sleeping 30 min...
2026-09-02 20:26:03,061 [INFO] main: ============================================================
2026-09-02 20:26:03,063 [INFO] main: SILENT SCAN START (25 sites)
2026-09-02 20:26:03,064 [INFO] main: ============================================================
2026-09-02 20:26:26,940 [INFO] scrapers.revolut: Revolut: fetched 6 jobs
2026-09-02 20:26:28,345 [INFO] scrapers.backbase: Backbase: fetched 20 jobs
2026-09-02 20:26:42,730 [INFO] scrapers.booking: Booking: fetched 1 jobs
2026-09-02 20:26:47,387 [INFO] scrapers.atlassian: Atlassian: fetched 28 jobs
2026-09-02 20:27:15,290 [INFO] scrapers.cisco: Cisco: fetched 3 jobs
2026-09-02 20:27:23,238 [INFO] scrapers.justeat: Justeat: fetched 21 jobs
2026-09-02 20:27:23,239 [INFO] main:   [OK]   MessageBird: 32 jobs
2026-09-02 20:27:23,247 [INFO] main:   [OK]   Adyen: 223 jobs
2026-09-02 20:27:23,335 [INFO] main:   [OK]   Flexport: 173 jobs
2026-09-02 20:27:23,367 [INFO] main:   [OK]   Twilio: 138 jobs
2026-09-02 20:27:23,388 [INFO] main:   [OK]   Mews: 20 jobs
2026-09-02 20:27:23,398 [INFO] main:   [OK]   Mollie: 45 jobs
2026-09-02 20:27:23,417 [INFO] main:   [OK]   Optiver: 167 jobs
2026-09-02 20:27:23,487 [INFO] main:   [OK]   Miro: 37 jobs
2026-09-02 20:27:23,496 [INFO] main:   [OK]   Datasnipper: 34 jobs
2026-09-02 20:27:23,517 [INFO] main:   [OK]   Picnic: 2 jobs
2026-09-02 20:27:23,517 [INFO] main:   [OK]   Samsara: 246 jobs
2026-09-02 20:27:23,563 [INFO] main:   [OK]   Uber: 1 jobs
2026-09-02 20:27:23,564 [INFO] main:   [OK]   Stripe: 592 jobs
2026-09-02 20:27:23,692 [INFO] main:   [OK]   Bunq: 13 jobs
2026-09-02 20:27:23,701 [INFO] main:   [OK]   Datadog: 439 jobs
2026-09-02 20:27:23,796 [INFO] main:   [OK]   Databricks: 857 jobs
2026-09-02 20:27:23,918 [INFO] main:   [OK]   ServiceNow: 578 jobs
2026-09-02 20:27:23,926 [INFO] main:   [OK]   Workday: 40 jobs
2026-09-02 20:27:23,926 [INFO] main:   [OK]   Mendix: 39 jobs
2026-09-02 20:27:23,931 [INFO] main:   [OK]   Revolut: 6 jobs
2026-09-02 20:27:23,935 [INFO] main:   [OK]   Backbase: 20 jobs
2026-09-02 20:27:23,936 [INFO] main:   [OK]   Booking: 1 jobs
2026-09-02 20:27:23,936 [INFO] main:   [OK]   Atlassian: 28 jobs
2026-09-02 20:27:23,943 [INFO] main:   [OK]   Cisco: 3 jobs
2026-09-02 20:27:23,945 [INFO] main:   [OK]   Justeat: 21 jobs
2026-09-02 20:27:23,971 [INFO] main: SCAN DONE. sites_ok=25 sites_fail=0 new=0 high=0 med=0 instant=0
2026-09-02 20:27:23,978 [INFO] main: Sleeping 30 min...
2026-09-02 20:57:24,112 [INFO] main: ============================================================
2026-09-02 20:57:24,114 [INFO] main: SILENT SCAN START (25 sites)
2026-09-02 20:57:24,114 [INFO] main: ============================================================
2026-09-02 20:57:48,443 [INFO] scrapers.revolut: Revolut: fetched 6 jobs
2026-09-02 20:57:50,529 [INFO] scrapers.backbase: Backbase: fetched 20 jobs
2026-09-02 20:58:05,263 [INFO] scrapers.booking: Booking: fetched 1 jobs
2026-09-02 20:58:10,185 [INFO] scrapers.atlassian: Atlassian: fetched 28 jobs
2026-09-02 20:58:37,256 [INFO] scrapers.cisco: Cisco: fetched 3 jobs
2026-09-02 20:58:45,497 [INFO] scrapers.justeat: Justeat: fetched 21 jobs
2026-09-02 20:58:45,498 [INFO] main:   [OK]   MessageBird: 32 jobs
2026-09-02 20:58:45,504 [INFO] main:   [OK]   Mews: 20 jobs
2026-09-02 20:58:45,516 [INFO] main:   [OK]   Flexport: 173 jobs
2026-09-02 20:58:45,548 [INFO] main:   [OK]   Twilio: 140 jobs
2026-09-02 20:58:45,568 [INFO] main:   [OK]   Adyen: 223 jobs
2026-09-02 20:58:45,650 [INFO] main:   [OK]   Datasnipper: 34 jobs
2026-09-02 20:58:45,671 [INFO] main:   [OK]   Optiver: 167 jobs
2026-09-02 20:58:45,738 [INFO] main:   [OK]   Mollie: 45 jobs
2026-09-02 20:58:45,758 [INFO] main:   [OK]   Miro: 37 jobs
2026-09-02 20:58:45,768 [INFO] main:   [OK]   Picnic: 2 jobs
2026-09-02 20:58:45,769 [INFO] main:   [OK]   Samsara: 246 jobs
2026-09-02 20:58:45,812 [INFO] main:   [OK]   Uber: 1 jobs
2026-09-02 20:58:45,812 [INFO] main:   [OK]   Datadog: 439 jobs
2026-09-02 20:58:45,911 [INFO] main:   [OK]   Stripe: 592 jobs
2026-09-02 20:58:46,029 [INFO] main:   [OK]   Bunq: 13 jobs
2026-09-02 20:58:46,038 [INFO] main:   [OK]   Databricks: 860 jobs
2026-09-02 20:58:46,166 [INFO] main:   [OK]   Mendix: 39 jobs
2026-09-02 20:58:46,170 [INFO] main:   [OK]   ServiceNow: 579 jobs
2026-09-02 20:58:46,178 [INFO] main:   [OK]   Workday: 40 jobs
2026-09-02 20:58:46,179 [INFO] main:   [OK]   Revolut: 6 jobs
2026-09-02 20:58:46,182 [INFO] main:   [OK]   Backbase: 20 jobs
2026-09-02 20:58:46,183 [INFO] main:   [OK]   Booking: 1 jobs
2026-09-02 20:58:46,184 [INFO] main:   [OK]   Atlassian: 28 jobs
2026-09-02 20:58:46,189 [INFO] main:   [OK]   Cisco: 3 jobs
2026-09-02 20:58:46,191 [INFO] main:   [OK]   Justeat: 21 jobs
2026-09-02 20:58:46,198 [INFO] main: SCAN DONE. sites_ok=25 sites_fail=0 new=0 high=0 med=0 instant=0
2026-09-02 20:58:46,205 [INFO] main: Sleeping 30 min...
2026-09-02 21:17:13,817 [INFO] main: LOOP MODE started. Scan every 30 min. Digest at 19:00 local.
2026-09-02 21:17:36,696 [INFO] main: ============================================================
2026-09-02 21:17:36,697 [INFO] main: SILENT SCAN START (25 sites)
2026-09-02 21:17:36,698 [INFO] main: ============================================================
2026-09-02 21:18:13,402 [INFO] scrapers.revolut: Revolut: fetched 6 jobs
2026-09-02 21:18:14,938 [INFO] scrapers.backbase: Backbase: fetched 20 jobs
2026-09-02 21:18:35,551 [INFO] scrapers.booking: Booking: fetched 1 jobs
2026-09-02 21:18:39,652 [INFO] scrapers.atlassian: Atlassian: fetched 28 jobs
2026-09-02 21:19:10,770 [INFO] scrapers.cisco: Cisco: fetched 3 jobs
2026-09-02 21:19:26,645 [INFO] scrapers.justeat: Justeat: fetched 20 jobs
2026-09-02 21:19:26,646 [INFO] main:   [OK]   MessageBird: 32 jobs
2026-09-02 21:19:26,653 [INFO] main:   [OK]   Mews: 20 jobs
2026-09-02 21:19:26,667 [INFO] main:   [OK]   Twilio: 140 jobs
2026-09-02 21:19:26,704 [INFO] main:   [OK]   Adyen: 223 jobs
2026-09-02 21:19:26,825 [INFO] main:   [OK]   Mollie: 45 jobs
2026-09-02 21:19:26,852 [INFO] main:   [OK]   Datasnipper: 34 jobs
2026-09-02 21:19:26,880 [INFO] main:   [OK]   Miro: 37 jobs
2026-09-02 21:19:26,898 [INFO] main:   [OK]   Flexport: 173 jobs
2026-09-02 21:19:26,950 [INFO] main:   [OK]   Picnic: 2 jobs
2026-09-02 21:19:26,950 [INFO] main:   [OK]   Optiver: 167 jobs
2026-09-02 21:19:27,035 [INFO] main:   [OK]   Bunq: 13 jobs
2026-09-02 21:19:27,042 [INFO] main:   [OK]   Uber: 1 jobs
2026-09-02 21:19:27,043 [INFO] main:   [OK]   Samsara: 246 jobs
2026-09-02 21:19:27,105 [INFO] main:   [OK]   Datadog: 439 jobs
2026-09-02 21:19:27,232 [INFO] main:   [OK]   Stripe: 592 jobs
2026-09-02 21:19:27,386 [INFO] main:   [OK]   Mendix: 39 jobs
2026-09-02 21:19:27,393 [INFO] main:   [OK]   Databricks: 860 jobs
2026-09-02 21:19:27,565 [INFO] main:   [OK]   ServiceNow: 581 jobs
2026-09-02 21:19:27,575 [INFO] main:   [OK]   Workday: 40 jobs
2026-09-02 21:19:27,576 [INFO] main:   [OK]   Revolut: 6 jobs
2026-09-02 21:19:27,579 [INFO] main:   [OK]   Backbase: 20 jobs
2026-09-02 21:19:27,581 [INFO] main:   [OK]   Booking: 1 jobs
2026-09-02 21:19:27,581 [INFO] main:   [OK]   Atlassian: 28 jobs
2026-09-02 21:19:27,601 [INFO] main:   [OK]   Cisco: 3 jobs
2026-09-02 21:19:27,603 [INFO] main:   [OK]   Justeat: 20 jobs
2026-09-02 21:19:27,611 [INFO] main: SCAN DONE. sites_ok=25 sites_fail=0 new=0 high=0 med=0 instant=0
2026-09-02 21:19:27,705 [INFO] digest: Daily digest sent. 15 matches, report: C:\Users\dielomb\Documents\BOTJObs\data\reports\daily_2026-09-02.html
2026-09-02 21:19:27,705 [INFO] main: DIGEST SENT: 15 matches. Report: C:\Users\dielomb\Documents\BOTJObs\data\reports\daily_2026-09-02.html
2026-09-02 21:19:27,705 [INFO] main: Sleeping 30 min...
2026-09-02 21:49:27,454 [INFO] main: ============================================================
2026-09-02 21:49:27,475 [INFO] main: SILENT SCAN START (25 sites)
2026-09-02 21:49:27,476 [INFO] main: ============================================================
2026-09-02 21:49:51,630 [INFO] scrapers.revolut: Revolut: fetched 6 jobs
2026-09-02 21:49:53,034 [INFO] scrapers.backbase: Backbase: fetched 20 jobs
2026-09-02 21:50:07,186 [INFO] scrapers.booking: Booking: fetched 1 jobs
2026-09-02 21:50:11,900 [INFO] scrapers.atlassian: Atlassian: fetched 28 jobs
2026-09-02 21:50:38,829 [INFO] scrapers.cisco: Cisco: fetched 3 jobs
2026-09-02 21:50:49,078 [INFO] scrapers.justeat: Justeat: fetched 20 jobs
2026-09-02 21:50:49,079 [INFO] main:   [OK]   MessageBird: 32 jobs
2026-09-02 21:50:49,091 [INFO] main:   [OK]   Mews: 20 jobs
2026-09-02 21:50:49,106 [INFO] main:   [OK]   Adyen: 223 jobs
2026-09-02 21:50:49,213 [INFO] main:   [OK]   Flexport: 173 jobs
2026-09-02 21:50:49,261 [INFO] main:   [OK]   Optiver: 167 jobs
2026-09-02 21:50:49,365 [INFO] main:   [OK]   Mollie: 45 jobs
2026-09-02 21:50:49,397 [INFO] main:   [OK]   Datasnipper: 34 jobs
2026-09-02 21:50:49,425 [INFO] main:   [OK]   Twilio: 141 jobs
2026-09-02 21:50:49,459 [INFO] main:   [OK]   Miro: 37 jobs
2026-09-02 21:50:49,474 [INFO] main:   [OK]   Picnic: 2 jobs
2026-09-02 21:50:49,475 [INFO] main:   [OK]   Samsara: 246 jobs
2026-09-02 21:50:49,541 [INFO] main:   [OK]   Uber: 1 jobs
2026-09-02 21:50:49,541 [INFO] main:   [OK]   Datadog: 441 jobs
2026-09-02 21:50:49,685 [INFO] main:   [OK]   Bunq: 13 jobs
2026-09-02 21:50:49,693 [INFO] main:   [OK]   Stripe: 591 jobs
2026-09-02 21:50:49,859 [INFO] main:   [OK]   Databricks: 860 jobs
2026-09-02 21:50:50,041 [INFO] main:   [OK]   Mendix: 39 jobs
2026-09-02 21:50:50,047 [INFO] main:   [OK]   ServiceNow: 580 jobs
2026-09-02 21:50:50,060 [INFO] main:   [OK]   Workday: 40 jobs
2026-09-02 21:50:50,060 [INFO] main:   [OK]   Revolut: 6 jobs
2026-09-02 21:50:50,065 [INFO] main:   [OK]   Backbase: 20 jobs
2026-09-02 21:50:50,067 [INFO] main:   [OK]   Booking: 1 jobs
2026-09-02 21:50:50,067 [INFO] main:   [OK]   Atlassian: 28 jobs
2026-09-02 21:50:50,096 [INFO] main:   [OK]   Cisco: 3 jobs
2026-09-02 21:50:50,097 [INFO] main:   [OK]   Justeat: 20 jobs
2026-09-02 21:50:50,107 [INFO] main: SCAN DONE. sites_ok=25 sites_fail=0 new=0 high=0 med=0 instant=0
2026-09-02 21:50:50,116 [INFO] main: Sleeping 30 min...
2026-09-02 22:20:50,290 [INFO] main: ============================================================
2026-09-02 22:20:50,311 [INFO] main: SILENT SCAN START (25 sites)
2026-09-02 22:20:50,313 [INFO] main: ============================================================
2026-09-02 22:21:35,309 [INFO] scrapers.revolut: Revolut: fetched 6 jobs
2026-09-02 22:21:35,340 [INFO] scrapers.backbase: Backbase: fetched 20 jobs
2026-09-02 22:25:49,833 [WARNING] scrapers.cisco: Cisco https://jobs.cisco.com/jobs/SearchJobs/?listFilterMode=1&21178=%5B37704%5D&21178_format=6020 failed: Page.goto: net::ERR_NAME_NOT_RESOLVED at https://jobs.cisco.com/jobs/SearchJobs/?listFilterMode=1&21178=%5B37704%5D&21178_format=6020
Call log:
  - navigating to "https://jobs.cisco.com/jobs/SearchJobs/?listFilterMode=1&21178=%5B37704%5D&21178_format=6020", waiting until "domcontentloaded"

2026-09-02 22:25:50,954 [WARNING] scrapers.cisco: Cisco https://jobs.cisco.com/jobs/SearchJobs/?listFilterMode=1&21178=%5B37792%5D&21178_format=6020 failed: Page.goto: net::ERR_NAME_NOT_RESOLVED at https://jobs.cisco.com/jobs/SearchJobs/?listFilterMode=1&21178=%5B37792%5D&21178_format=6020
Call log:
  - navigating to "https://jobs.cisco.com/jobs/SearchJobs/?listFilterMode=1&21178=%5B37792%5D&21178_format=6020", waiting until "domcontentloaded"

2026-09-02 22:25:50,954 [INFO] scrapers.cisco: Cisco: fetched 0 jobs
2026-09-02 22:25:56,589 [INFO] scrapers.atlassian: Atlassian: fetched 0 jobs
2026-09-02 22:26:46,993 [INFO] scrapers.justeat: Justeat: fetched 20 jobs
2026-09-02 22:26:46,994 [INFO] main:   [OK]   Mews: 20 jobs
2026-09-02 22:26:47,042 [INFO] main:   [OK]   Twilio: 141 jobs
2026-09-02 22:26:47,072 [INFO] main:   [OK]   Adyen: 223 jobs
2026-09-02 22:26:47,194 [INFO] main:   [OK]   Datasnipper: 34 jobs
2026-09-02 22:26:47,222 [INFO] main:   [OK]   Flexport: 172 jobs
2026-09-02 22:26:47,264 [INFO] main:   [OK]   Optiver: 167 jobs
2026-09-02 22:26:47,360 [INFO] main:   [OK]   Miro: 37 jobs
2026-09-02 22:26:47,374 [INFO] main:   [OK]   Picnic: 2 jobs
2026-09-02 22:26:47,375 [INFO] main:   [OK]   Mollie: 45 jobs
2026-09-02 22:26:47,413 [INFO] main:   [OK]   Uber: 1 jobs
2026-09-02 22:26:47,414 [INFO] main:   [OK]   Bunq: 13 jobs
2026-09-02 22:26:47,447 [INFO] main:   [OK]   Samsara: 246 jobs
2026-09-02 22:26:47,510 [INFO] main:   [OK]   ServiceNow: 581 jobs
2026-09-02 22:26:47,525 [INFO] main:   [OK]   Datadog: 441 jobs
2026-09-02 22:26:47,662 [INFO] main:   [OK]   Workday: 40 jobs
2026-09-02 22:26:47,662 [INFO] main:   [OK]   Stripe: 592 jobs
2026-09-02 22:26:47,836 [INFO] main:   [OK]   Databricks: 860 jobs
2026-09-02 22:26:48,017 [INFO] main:   [OK]   Mendix: 39 jobs
2026-09-02 22:26:48,023 [INFO] main:   [OK]   MessageBird: 32 jobs
2026-09-02 22:26:48,030 [INFO] main:   [OK]   Revolut: 6 jobs
2026-09-02 22:26:48,034 [INFO] main:   [OK]   Backbase: 20 jobs
2026-09-02 22:26:48,036 [WARNING] main:   [FAIL] Booking: Error: Page.goto: net::ERR_NETWORK_IO_SUSPENDED at https://jobs.booking.com/booking/jobs?page=1&pageSize=100
Call log:
  - navi
2026-09-02 22:26:48,036 [INFO] main:   [OK]   Cisco: 0 jobs
2026-09-02 22:26:48,036 [INFO] main:   [OK]   Atlassian: 0 jobs
2026-09-02 22:26:48,036 [INFO] main:   [OK]   Justeat: 20 jobs
2026-09-02 22:26:48,059 [INFO] main: SCAN DONE. sites_ok=24 sites_fail=1 new=0 high=0 med=0 instant=0
2026-09-02 22:26:48,069 [INFO] main: Sleeping 30 min...
2026-09-02 22:56:48,232 [INFO] main: ============================================================
2026-09-02 22:56:48,252 [INFO] main: SILENT SCAN START (25 sites)
2026-09-02 22:56:48,254 [INFO] main: ============================================================
2026-09-02 22:57:14,194 [INFO] scrapers.revolut: Revolut: fetched 6 jobs
2026-09-02 22:57:16,551 [INFO] scrapers.backbase: Backbase: fetched 20 jobs
2026-09-02 22:57:32,614 [INFO] scrapers.booking: Booking: fetched 1 jobs
2026-09-02 22:57:36,138 [INFO] scrapers.atlassian: Atlassian: fetched 28 jobs
2026-09-02 22:58:05,383 [INFO] scrapers.cisco: Cisco: fetched 3 jobs
2026-09-02 22:58:15,961 [INFO] scrapers.justeat: Justeat: fetched 20 jobs
2026-09-02 22:58:15,995 [INFO] main:   [OK]   Mews: 20 jobs
2026-09-02 22:58:16,026 [INFO] main:   [OK]   MessageBird: 32 jobs
2026-09-02 22:58:16,041 [INFO] main:   [OK]   Twilio: 142 jobs
2026-09-02 22:58:16,073 [INFO] main:   [OK]   Adyen: 222 jobs
2026-09-02 22:58:16,193 [INFO] main:   [OK]   Optiver: 167 jobs
2026-09-02 22:58:16,287 [INFO] main:   [OK]   Samsara: 247 jobs
2026-09-02 22:58:16,354 [INFO] main:   [OK]   Datasnipper: 34 jobs
2026-09-02 22:58:16,384 [INFO] main:   [OK]   Mollie: 45 jobs
2026-09-02 22:58:16,411 [INFO] main:   [OK]   Picnic: 2 jobs
2026-09-02 22:58:16,411 [INFO] main:   [OK]   Miro: 37 jobs
2026-09-02 22:58:16,426 [INFO] main:   [OK]   Uber: 1 jobs
2026-09-02 22:58:16,426 [INFO] main:   [OK]   Stripe: 592 jobs
2026-09-02 22:58:16,597 [INFO] main:   [OK]   Datadog: 442 jobs
2026-09-02 22:58:16,742 [INFO] main:   [OK]   Bunq: 13 jobs
2026-09-02 22:58:16,753 [INFO] main:   [OK]   Databricks: 859 jobs
2026-09-02 22:58:16,943 [INFO] main:   [OK]   Flexport: 169 jobs
2026-09-02 22:58:16,998 [INFO] main:   [OK]   Mendix: 39 jobs
2026-09-02 22:58:17,006 [INFO] main:   [OK]   ServiceNow: 582 jobs
2026-09-02 22:58:17,019 [INFO] main:   [OK]   Workday: 40 jobs
2026-09-02 22:58:17,019 [INFO] main:   [OK]   Revolut: 6 jobs
2026-09-02 22:58:17,023 [INFO] main:   [OK]   Backbase: 20 jobs
2026-09-02 22:58:17,065 [INFO] main:   [OK]   Booking: 1 jobs
2026-09-02 22:58:17,065 [INFO] main:   [OK]   Atlassian: 28 jobs
2026-09-02 22:58:17,073 [INFO] main:   [OK]   Cisco: 3 jobs
2026-09-02 22:58:17,074 [INFO] main:   [OK]   Justeat: 20 jobs
2026-09-02 22:58:17,082 [INFO] main: SCAN DONE. sites_ok=25 sites_fail=0 new=0 high=0 med=0 instant=0
2026-09-02 22:58:17,097 [INFO] main: Sleeping 30 min...
2026-09-03 14:19:02,520 [INFO] main: ============================================================
2026-09-03 14:19:02,542 [INFO] main: SILENT SCAN START (25 sites)
2026-09-03 14:19:02,543 [INFO] main: ============================================================
2026-09-03 14:19:29,508 [INFO] scrapers.revolut: Revolut: fetched 6 jobs
2026-09-03 14:19:31,111 [INFO] scrapers.backbase: Backbase: fetched 20 jobs
2026-09-03 14:19:46,637 [INFO] scrapers.booking: Booking: fetched 1 jobs
2026-09-03 14:19:50,296 [INFO] scrapers.atlassian: Atlassian: fetched 28 jobs
2026-09-03 14:20:18,769 [INFO] scrapers.cisco: Cisco: fetched 3 jobs
2026-09-03 14:20:27,538 [INFO] scrapers.justeat: Justeat: fetched 19 jobs
2026-09-03 14:20:27,539 [INFO] main:   [OK]   Mews: 22 jobs
2026-09-03 14:20:27,555 [INFO] main:   [OK]   MessageBird: 32 jobs
2026-09-03 14:20:27,562 [INFO] main:   [OK]   Flexport: 172 jobs
2026-09-03 14:20:27,592 [INFO] main:   [OK]   Twilio: 140 jobs
2026-09-03 14:20:27,615 [INFO] main:   [OK]   Samsara: 245 jobs
2026-09-03 14:20:27,656 [INFO] main:   [OK]   Mollie: 46 jobs
2026-09-03 14:20:27,681 [INFO] main:   [OK]   Datasnipper: 34 jobs
2026-09-03 14:20:27,703 [INFO] main:   [OK]   Adyen: 223 jobs
2026-09-03 14:20:27,779 [INFO] main:   [OK]   Miro: 38 jobs
2026-09-03 14:20:27,791 [INFO] main:   [OK]   Optiver: 166 jobs
2026-09-03 14:20:27,857 [INFO] main:   [OK]   Picnic: 2 jobs
2026-09-03 14:20:27,857 [INFO] main:   [OK]   Uber: 1 jobs
2026-09-03 14:20:27,857 [INFO] main:   [OK]   Stripe: 599 jobs
2026-09-03 14:20:28,035 [INFO] main:   [OK]   Bunq: 13 jobs
2026-09-03 14:20:28,043 [INFO] main:   [OK]   Datadog: 443 jobs
2026-09-03 14:20:28,187 [INFO] main:   --> INSTANT NOTIF [54] Datadog: Technical Enablement Manager 2/3 (Italian Speaking)
2026-09-03 14:20:28,191 [INFO] main:   [OK]   Databricks: 861 jobs
2026-09-03 14:20:28,373 [INFO] main:   [OK]   Mendix: 37 jobs
2026-09-03 14:20:28,380 [INFO] main:   [OK]   ServiceNow: 592 jobs
2026-09-03 14:20:28,395 [INFO] main:   [OK]   Workday: 40 jobs
2026-09-03 14:20:28,395 [INFO] main:   [OK]   Revolut: 6 jobs
2026-09-03 14:20:28,399 [INFO] main:   [OK]   Backbase: 20 jobs
2026-09-03 14:20:28,401 [INFO] main:   [OK]   Booking: 1 jobs
2026-09-03 14:20:28,402 [INFO] main:   [OK]   Atlassian: 28 jobs
2026-09-03 14:20:28,413 [INFO] main:   [OK]   Cisco: 3 jobs
2026-09-03 14:20:28,414 [INFO] main:   [OK]   Justeat: 19 jobs
2026-09-03 14:20:28,425 [INFO] main: SCAN DONE. sites_ok=25 sites_fail=0 new=1 high=0 med=1 instant=1
2026-09-03 14:20:28,435 [INFO] main: Sleeping 30 min...
2026-09-03 14:34:41,264 [INFO] main: LOOP MODE started. Scan every 30 min. Digest at 19:00 local.
2026-09-03 14:34:49,162 [INFO] main: ============================================================
2026-09-03 14:34:49,163 [INFO] main: SILENT SCAN START (25 sites)
2026-09-03 14:34:49,163 [INFO] main: ============================================================
2026-09-03 14:35:15,163 [INFO] scrapers.revolut: Revolut: fetched 6 jobs
2026-09-03 14:35:17,744 [INFO] scrapers.backbase: Backbase: fetched 20 jobs
2026-09-03 14:35:32,596 [INFO] scrapers.booking: Booking: fetched 1 jobs
2026-09-03 14:35:36,202 [INFO] scrapers.atlassian: Atlassian: fetched 28 jobs
2026-09-03 14:36:07,234 [INFO] scrapers.cisco: Cisco: fetched 3 jobs
2026-09-03 14:36:13,093 [INFO] scrapers.justeat: Justeat: fetched 19 jobs
2026-09-03 14:36:13,096 [INFO] main:   [OK]   MessageBird: 32 jobs
2026-09-03 14:36:13,103 [INFO] main:   [OK]   Mews: 22 jobs
2026-09-03 14:36:13,126 [INFO] main:   [OK]   Flexport: 172 jobs
2026-09-03 14:36:13,158 [INFO] main:   [OK]   Twilio: 140 jobs
2026-09-03 14:36:13,178 [INFO] main:   [OK]   Adyen: 224 jobs
2026-09-03 14:36:13,272 [INFO] main:   [OK]   Mollie: 46 jobs
2026-09-03 14:36:13,293 [INFO] main:   [OK]   Datasnipper: 34 jobs
2026-09-03 14:36:13,322 [INFO] main:   [OK]   Optiver: 166 jobs
2026-09-03 14:36:13,397 [INFO] main:   [OK]   Miro: 38 jobs
2026-09-03 14:36:13,408 [INFO] main:   [OK]   Picnic: 2 jobs
2026-09-03 14:36:13,408 [INFO] main:   [OK]   Datadog: 444 jobs
2026-09-03 14:36:13,511 [INFO] main:   [OK]   Uber: 1 jobs
2026-09-03 14:36:13,511 [INFO] main:   [OK]   Samsara: 245 jobs
2026-09-03 14:36:13,556 [INFO] main:   [OK]   Bunq: 13 jobs
2026-09-03 14:36:13,574 [INFO] main:   [OK]   Stripe: 600 jobs
2026-09-03 14:36:13,694 [INFO] main:   [OK]   Databricks: 860 jobs
2026-09-03 14:36:13,825 [INFO] main:   [OK]   Mendix: 37 jobs
2026-09-03 14:36:13,830 [INFO] main:   [OK]   ServiceNow: 592 jobs
2026-09-03 14:36:13,838 [INFO] main:   [OK]   Workday: 40 jobs
2026-09-03 14:36:13,839 [INFO] main:   [OK]   Revolut: 6 jobs
2026-09-03 14:36:13,842 [INFO] main:   [OK]   Backbase: 20 jobs
2026-09-03 14:36:13,843 [INFO] main:   [OK]   Booking: 1 jobs
2026-09-03 14:36:13,843 [INFO] main:   [OK]   Atlassian: 28 jobs
2026-09-03 14:36:13,874 [INFO] main:   [OK]   Cisco: 3 jobs
2026-09-03 14:36:13,876 [INFO] main:   [OK]   Justeat: 19 jobs
2026-09-03 14:36:13,884 [INFO] main: SCAN DONE. sites_ok=25 sites_fail=0 new=1 high=0 med=0 instant=0
2026-09-03 14:36:13,890 [INFO] main: Sleeping 30 min...
2026-09-03 15:08:34,415 [INFO] main: ============================================================
2026-09-03 15:08:34,440 [INFO] main: SILENT SCAN START (25 sites)
2026-09-03 15:08:34,441 [INFO] main: ============================================================
2026-09-03 15:09:01,026 [INFO] scrapers.revolut: Revolut: fetched 6 jobs
2026-09-03 15:09:03,806 [INFO] scrapers.backbase: Backbase: fetched 20 jobs
2026-09-03 15:09:20,397 [INFO] scrapers.booking: Booking: fetched 1 jobs
2026-09-03 15:09:22,700 [INFO] scrapers.atlassian: Atlassian: fetched 28 jobs
2026-09-03 15:09:55,485 [INFO] scrapers.cisco: Cisco: fetched 3 jobs
2026-09-03 15:10:01,450 [INFO] scrapers.justeat: Justeat: fetched 20 jobs
2026-09-03 15:10:01,451 [INFO] main:   [OK]   MessageBird: 32 jobs
2026-09-03 15:10:01,481 [INFO] main:   [OK]   Mews: 23 jobs
2026-09-03 15:10:01,513 [INFO] main:   [OK]   Flexport: 172 jobs
2026-09-03 15:10:01,548 [INFO] main:   [OK]   Twilio: 140 jobs
2026-09-03 15:10:01,569 [INFO] main:   [OK]   Adyen: 222 jobs
2026-09-03 15:10:01,675 [INFO] main:   [OK]   Optiver: 166 jobs
2026-09-03 15:10:01,760 [INFO] main:   [OK]   Datasnipper: 34 jobs
2026-09-03 15:10:01,796 [INFO] main:   [OK]   Mollie: 46 jobs
2026-09-03 15:10:01,817 [INFO] main:   [OK]   Picnic: 2 jobs
2026-09-03 15:10:01,817 [INFO] main:   [OK]   Samsara: 246 jobs
2026-09-03 15:10:01,866 [INFO] main:   [OK]   Miro: 38 jobs
2026-09-03 15:10:01,876 [INFO] main:   [OK]   Uber: 1 jobs
2026-09-03 15:10:01,877 [INFO] main:   [OK]   Datadog: 444 jobs
2026-09-03 15:10:01,981 [INFO] main:   [OK]   Stripe: 601 jobs
2026-09-03 15:10:02,108 [INFO] main:   [OK]   Bunq: 13 jobs
2026-09-03 15:10:02,143 [INFO] main:   [OK]   Databricks: 860 jobs
2026-09-03 15:10:02,286 [INFO] main:   [OK]   ServiceNow: 592 jobs
2026-09-03 15:10:02,315 [INFO] main:   [OK]   Mendix: 37 jobs
2026-09-03 15:10:02,320 [INFO] main:   [OK]   Workday: 40 jobs
2026-09-03 15:10:02,321 [INFO] main:   [OK]   Revolut: 6 jobs
2026-09-03 15:10:02,323 [INFO] main:   [OK]   Backbase: 20 jobs
2026-09-03 15:10:02,325 [INFO] main:   [OK]   Booking: 1 jobs
2026-09-03 15:10:02,325 [INFO] main:   [OK]   Atlassian: 28 jobs
2026-09-03 15:10:02,332 [INFO] main:   [OK]   Cisco: 3 jobs
2026-09-03 15:10:02,333 [INFO] main:   [OK]   Justeat: 20 jobs
2026-09-03 15:10:02,376 [INFO] main: SCAN DONE. sites_ok=25 sites_fail=0 new=0 high=0 med=0 instant=0
2026-09-03 15:10:02,385 [INFO] main: Sleeping 30 min...
2026-09-03 16:00:41,261 [INFO] main: ============================================================
2026-09-03 16:00:41,268 [INFO] main: SILENT SCAN START (25 sites)
2026-09-03 16:00:41,270 [INFO] main: ============================================================
2026-09-03 16:24:20,319 [INFO] scrapers.revolut: Revolut: fetched 6 jobs
2026-09-03 16:24:37,342 [INFO] scrapers.backbase: Backbase: fetched 20 jobs
2026-09-03 16:25:41,462 [INFO] scrapers.booking: Booking: fetched 1 jobs
2026-09-03 16:25:43,575 [INFO] scrapers.atlassian: Atlassian: fetched 27 jobs
2026-09-03 16:26:14,132 [INFO] scrapers.cisco: Cisco: fetched 3 jobs
2026-09-03 16:26:23,023 [INFO] scrapers.justeat: Justeat: fetched 20 jobs
2026-09-03 16:26:23,025 [WARNING] main:   [FAIL] Datadog: ConnectionError: HTTPSConnectionPool(host='boards-api.greenhouse.io', port=443): Max retries exceeded with url: /v1/boards/datadog/jobs?c
2026-09-03 16:26:23,026 [WARNING] main:   [FAIL] Bunq: ConnectionError: HTTPSConnectionPool(host='bunq.recruitee.com', port=443): Max retries exceeded with url: /api/offers/ (Caused by NameRes
2026-09-03 16:26:23,026 [WARNING] main:   [FAIL] Datasnipper: ConnectionError: HTTPSConnectionPool(host='api.ashbyhq.com', port=443): Max retries exceeded with url: /posting-api/job-board/datasnipper
2026-09-03 16:26:23,026 [WARNING] main:   [FAIL] Stripe: ConnectionError: HTTPSConnectionPool(host='boards-api.greenhouse.io', port=443): Max retries exceeded with url: /v1/boards/stripe/jobs?co
2026-09-03 16:26:23,027 [WARNING] main:   [FAIL] Mendix: ConnectionError: HTTPSConnectionPool(host='api.lever.co', port=443): Max retries exceeded with url: /v0/postings/mendix?mode=json (Caused
2026-09-03 16:26:23,027 [WARNING] main:   [FAIL] Databricks: ConnectionError: HTTPSConnectionPool(host='boards-api.greenhouse.io', port=443): Max retries exceeded with url: /v1/boards/databricks/job
2026-09-03 16:26:23,027 [WARNING] main:   [FAIL] Mollie: ConnectionError: HTTPSConnectionPool(host='api.ashbyhq.com', port=443): Max retries exceeded with url: /posting-api/job-board/mollie?incl
2026-09-03 16:26:23,027 [WARNING] main:   [FAIL] Twilio: ConnectionError: HTTPSConnectionPool(host='boards-api.greenhouse.io', port=443): Max retries exceeded with url: /v1/boards/twilio/jobs?co
2026-09-03 16:26:23,027 [WARNING] main:   [FAIL] Samsara: ConnectionError: HTTPSConnectionPool(host='boards-api.greenhouse.io', port=443): Max retries exceeded with url: /v1/boards/samsara/jobs?c
2026-09-03 16:26:23,027 [WARNING] main:   [FAIL] Picnic: ConnectionError: HTTPSConnectionPool(host='api.smartrecruiters.com', port=443): Max retries exceeded with url: /v1/companies/picnic/posti
2026-09-03 16:26:23,028 [WARNING] main:   [FAIL] Mews: ConnectionError: HTTPSConnectionPool(host='boards-api.greenhouse.io', port=443): Max retries exceeded with url: /v1/boards/mewssystems/jo
2026-09-03 16:26:23,028 [WARNING] main:   [FAIL] Optiver: ConnectionError: HTTPSConnectionPool(host='boards-api.greenhouse.io', port=443): Max retries exceeded with url: /v1/boards/optiverus/jobs
2026-09-03 16:26:23,028 [WARNING] main:   [FAIL] Adyen: ConnectionError: HTTPSConnectionPool(host='boards-api.greenhouse.io', port=443): Max retries exceeded with url: /v1/boards/adyen/jobs?con
2026-09-03 16:26:23,028 [WARNING] main:   [FAIL] Flexport: ConnectionError: HTTPSConnectionPool(host='boards-api.greenhouse.io', port=443): Max retries exceeded with url: /v1/boards/flexport/jobs?
2026-09-03 16:26:23,028 [WARNING] main:   [FAIL] Uber: ConnectionError: HTTPSConnectionPool(host='api.smartrecruiters.com', port=443): Max retries exceeded with url: /v1/companies/uber/posting
2026-09-03 16:26:23,028 [WARNING] main:   [FAIL] ServiceNow: ConnectionError: HTTPSConnectionPool(host='api.smartrecruiters.com', port=443): Max retries exceeded with url: /v1/companies/servicenow/p
2026-09-03 16:26:23,029 [WARNING] main:   [FAIL] MessageBird: ConnectionError: HTTPSConnectionPool(host='boards-api.greenhouse.io', port=443): Max retries exceeded with url: /v1/boards/bird/jobs?cont
2026-09-03 16:26:23,029 [WARNING] main:   [FAIL] Miro: ConnectionError: HTTPSConnectionPool(host='api.ashbyhq.com', port=443): Max retries exceeded with url: /posting-api/job-board/miro?includ
2026-09-03 16:26:23,029 [WARNING] main:   [FAIL] Workday: ConnectionError: HTTPSConnectionPool(host='workday.wd5.myworkdayjobs.com', port=443): Max retries exceeded with url: /wday/cxs/workday/Wo
2026-09-03 16:26:23,029 [INFO] main:   [OK]   Revolut: 6 jobs
2026-09-03 16:26:23,049 [INFO] main:   [OK]   Backbase: 20 jobs
2026-09-03 16:26:23,051 [INFO] main:   [OK]   Booking: 1 jobs
2026-09-03 16:26:23,051 [INFO] main:   [OK]   Atlassian: 27 jobs
2026-09-03 16:26:23,079 [INFO] main:   [OK]   Cisco: 3 jobs
2026-09-03 16:26:23,080 [INFO] main:   [OK]   Justeat: 20 jobs
2026-09-03 16:26:23,088 [INFO] main: SCAN DONE. sites_ok=6 sites_fail=19 new=2 high=0 med=0 instant=0
2026-09-03 16:26:23,089 [INFO] main: Sleeping 30 min...
2026-09-03 16:58:09,966 [INFO] main: ============================================================
2026-09-03 16:58:09,982 [INFO] main: SILENT SCAN START (25 sites)
2026-09-03 16:58:09,984 [INFO] main: ============================================================
2026-09-03 16:58:36,142 [INFO] scrapers.revolut: Revolut: fetched 6 jobs
2026-09-03 16:58:37,766 [INFO] scrapers.backbase: Backbase: fetched 20 jobs
2026-09-03 16:58:59,554 [INFO] scrapers.booking: Booking: fetched 1 jobs
2026-09-03 16:58:59,802 [INFO] scrapers.atlassian: Atlassian: fetched 28 jobs
2026-09-03 16:59:34,989 [INFO] scrapers.cisco: Cisco: fetched 3 jobs
2026-09-03 16:59:39,169 [INFO] scrapers.justeat: Justeat: fetched 19 jobs
2026-09-03 16:59:39,170 [INFO] main:   [OK]   MessageBird: 32 jobs
2026-09-03 16:59:39,178 [INFO] main:   [OK]   Mews: 24 jobs
2026-09-03 16:59:39,203 [INFO] main:   [OK]   Flexport: 172 jobs
2026-09-03 16:59:39,249 [INFO] main:   [OK]   Twilio: 140 jobs
2026-09-03 16:59:39,276 [INFO] main:   [OK]   Datasnipper: 34 jobs
2026-09-03 16:59:39,304 [INFO] main:   [OK]   Adyen: 223 jobs
2026-09-03 16:59:39,435 [INFO] main:   [OK]   Mollie: 46 jobs
2026-09-03 16:59:39,467 [INFO] main:   [OK]   Picnic: 2 jobs
2026-09-03 16:59:39,467 [INFO] main:   [OK]   Samsara: 241 jobs
2026-09-03 16:59:39,521 [INFO] main:   [OK]   Uber: 1 jobs
2026-09-03 16:59:39,521 [INFO] main:   [OK]   Miro: 38 jobs
2026-09-03 16:59:39,538 [INFO] main:   [OK]   Datadog: 444 jobs
2026-09-03 16:59:39,678 [INFO] main:   [OK]   Bunq: 13 jobs
2026-09-03 16:59:39,686 [INFO] main:   [OK]   Stripe: 602 jobs
2026-09-03 16:59:39,820 [INFO] main:   [OK]   Optiver: 166 jobs
2026-09-03 16:59:39,899 [INFO] main:   [OK]   Databricks: 857 jobs
2026-09-03 16:59:40,042 [INFO] main:   [OK]   Mendix: 37 jobs
2026-09-03 16:59:40,049 [INFO] main:   [OK]   ServiceNow: 590 jobs
2026-09-03 16:59:40,058 [INFO] main:   [OK]   Workday: 40 jobs
2026-09-03 16:59:40,058 [INFO] main:   [OK]   Revolut: 6 jobs
2026-09-03 16:59:40,060 [INFO] main:   [OK]   Backbase: 20 jobs
2026-09-03 16:59:40,062 [INFO] main:   [OK]   Booking: 1 jobs
2026-09-03 16:59:40,062 [INFO] main:   [OK]   Atlassian: 28 jobs
2026-09-03 16:59:40,110 [INFO] main:   [OK]   Cisco: 3 jobs
2026-09-03 16:59:40,112 [INFO] main:   [OK]   Justeat: 19 jobs
2026-09-03 16:59:40,121 [INFO] main: SCAN DONE. sites_ok=25 sites_fail=0 new=1 high=0 med=0 instant=0
2026-09-03 16:59:40,131 [INFO] main: Sleeping 30 min...
2026-09-03 17:12:06,968 [INFO] main: LOOP MODE started. Scan every 30 min. Digest at 19:00 local.
2026-09-03 17:12:14,733 [INFO] main: ============================================================
2026-09-03 17:12:14,733 [INFO] main: SILENT SCAN START (25 sites)
2026-09-03 17:12:14,733 [INFO] main: ============================================================
2026-09-03 17:12:45,554 [INFO] scrapers.revolut: Revolut: fetched 6 jobs
2026-09-03 17:12:50,426 [INFO] scrapers.backbase: Backbase: fetched 20 jobs
2026-09-03 17:13:04,386 [INFO] scrapers.atlassian: Atlassian: fetched 28 jobs
2026-09-03 17:13:07,781 [INFO] scrapers.booking: Booking: fetched 1 jobs
2026-09-03 17:13:39,142 [INFO] scrapers.cisco: Cisco: fetched 3 jobs
2026-09-03 17:13:45,949 [INFO] scrapers.justeat: Justeat: fetched 20 jobs
2026-09-03 17:13:45,979 [INFO] main:   [OK]   Mews: 24 jobs
2026-09-03 17:13:46,015 [INFO] main:   [OK]   MessageBird: 32 jobs
2026-09-03 17:13:46,033 [INFO] main:   [OK]   Flexport: 172 jobs
2026-09-03 17:13:46,083 [INFO] main:   [OK]   Mollie: 45 jobs
2026-09-03 17:13:46,126 [INFO] main:   [OK]   Datasnipper: 34 jobs
2026-09-03 17:13:46,157 [INFO] main:   [OK]   Adyen: 223 jobs
2026-09-03 17:13:46,275 [INFO] main:   [OK]   Optiver: 166 jobs
2026-09-03 17:13:46,365 [INFO] main:   [OK]   Twilio: 140 jobs
2026-09-03 17:13:46,397 [INFO] main:   [OK]   Picnic: 2 jobs
2026-09-03 17:13:46,397 [INFO] main:   [OK]   Miro: 38 jobs
2026-09-03 17:13:46,412 [INFO] main:   [OK]   Uber: 1 jobs
2026-09-03 17:13:46,413 [INFO] main:   [OK]   Samsara: 241 jobs
2026-09-03 17:13:46,475 [INFO] main:   [OK]   Datadog: 443 jobs
2026-09-03 17:13:46,606 [INFO] main:   [OK]   Bunq: 13 jobs
2026-09-03 17:13:46,617 [INFO] main:   [OK]   Databricks: 858 jobs
2026-09-03 17:13:46,795 [INFO] main:   [OK]   Stripe: 600 jobs
2026-09-03 17:13:46,963 [INFO] main:   [OK]   Mendix: 37 jobs
2026-09-03 17:13:46,970 [INFO] main:   [OK]   ServiceNow: 593 jobs
2026-09-03 17:13:46,982 [INFO] main:   [OK]   Workday: 40 jobs
2026-09-03 17:13:46,982 [INFO] main:   [OK]   Revolut: 6 jobs
2026-09-03 17:13:46,985 [INFO] main:   [OK]   Backbase: 20 jobs
2026-09-03 17:13:46,986 [INFO] main:   [OK]   Atlassian: 28 jobs
2026-09-03 17:13:47,012 [INFO] main:   [OK]   Booking: 1 jobs
2026-09-03 17:13:47,012 [INFO] main:   [OK]   Cisco: 3 jobs
2026-09-03 17:13:47,014 [INFO] main:   [OK]   Justeat: 20 jobs
2026-09-03 17:13:47,022 [INFO] main: SCAN DONE. sites_ok=25 sites_fail=0 new=0 high=0 med=0 instant=0
2026-09-03 17:13:47,034 [INFO] main: Sleeping 30 min...
2026-09-03 17:43:47,165 [INFO] main: ============================================================
2026-09-03 17:43:47,175 [INFO] main: SILENT SCAN START (25 sites)
2026-09-03 17:43:47,176 [INFO] main: ============================================================
2026-09-03 17:44:12,224 [INFO] scrapers.revolut: Revolut: fetched 6 jobs
2026-09-03 17:44:13,556 [INFO] scrapers.backbase: Backbase: fetched 20 jobs
2026-09-03 17:44:27,246 [INFO] scrapers.booking: Booking: fetched 1 jobs
2026-09-03 17:44:32,156 [INFO] scrapers.atlassian: Atlassian: fetched 28 jobs
2026-09-03 17:45:00,431 [INFO] scrapers.cisco: Cisco: fetched 3 jobs
2026-09-03 17:45:08,843 [INFO] scrapers.justeat: Justeat: fetched 20 jobs
2026-09-03 17:45:08,844 [INFO] main:   [OK]   MessageBird: 32 jobs
2026-09-03 17:45:08,852 [INFO] main:   [OK]   Mews: 24 jobs
2026-09-03 17:45:08,886 [INFO] main:   [OK]   Twilio: 140 jobs
2026-09-03 17:45:08,915 [INFO] main:   [OK]   Adyen: 223 jobs
2026-09-03 17:45:09,006 [INFO] main:   [OK]   Samsara: 241 jobs
2026-09-03 17:45:09,053 [INFO] main:   [OK]   Miro: 38 jobs
2026-09-03 17:45:09,064 [INFO] main:   [OK]   Optiver: 166 jobs
2026-09-03 17:45:09,133 [INFO] main:   [OK]   Uber: 1 jobs
2026-09-03 17:45:09,133 [INFO] main:   [OK]   Picnic: 2 jobs
2026-09-03 17:45:09,133 [INFO] main:   [OK]   Datadog: 442 jobs
2026-09-03 17:45:09,243 [INFO] main:   [OK]   Stripe: 601 jobs
2026-09-03 17:45:09,375 [INFO] main:   [OK]   Mollie: 45 jobs
2026-09-03 17:45:09,397 [INFO] main:   [OK]   Datasnipper: 34 jobs
2026-09-03 17:45:09,417 [INFO] main:   [OK]   Flexport: 172 jobs
2026-09-03 17:45:09,451 [INFO] main:   [OK]   Bunq: 13 jobs
2026-09-03 17:45:09,460 [INFO] main:   [OK]   Databricks: 858 jobs
2026-09-03 17:45:09,598 [INFO] main:   [OK]   Mendix: 37 jobs
2026-09-03 17:45:09,604 [INFO] main:   [OK]   ServiceNow: 595 jobs
2026-09-03 17:45:09,613 [INFO] main:   [OK]   Workday: 40 jobs
2026-09-03 17:45:09,613 [INFO] main:   [OK]   Revolut: 6 jobs
2026-09-03 17:45:09,616 [INFO] main:   [OK]   Backbase: 20 jobs
2026-09-03 17:45:09,617 [INFO] main:   [OK]   Booking: 1 jobs
2026-09-03 17:45:09,617 [INFO] main:   [OK]   Atlassian: 28 jobs
2026-09-03 17:45:09,649 [INFO] main:   [OK]   Cisco: 3 jobs
2026-09-03 17:45:09,651 [INFO] main:   [OK]   Justeat: 20 jobs
2026-09-03 17:45:09,658 [INFO] main: SCAN DONE. sites_ok=25 sites_fail=0 new=0 high=0 med=0 instant=0
2026-09-03 17:45:09,665 [INFO] main: Sleeping 30 min...
2026-09-03 18:15:09,761 [INFO] main: ============================================================
2026-09-03 18:15:09,774 [INFO] main: SILENT SCAN START (25 sites)
2026-09-03 18:15:09,775 [INFO] main: ============================================================
2026-09-03 18:15:34,755 [INFO] scrapers.revolut: Revolut: fetched 6 jobs
2026-09-03 18:15:36,113 [INFO] scrapers.backbase: Backbase: fetched 20 jobs
2026-09-03 18:15:50,799 [INFO] scrapers.booking: Booking: fetched 1 jobs
2026-09-03 18:15:55,461 [INFO] scrapers.atlassian: Atlassian: fetched 28 jobs
2026-09-03 18:16:23,627 [INFO] scrapers.cisco: Cisco: fetched 3 jobs
2026-09-03 18:16:32,706 [INFO] scrapers.justeat: Justeat: fetched 20 jobs
2026-09-03 18:16:32,707 [INFO] main:   [OK]   Mews: 24 jobs
2026-09-03 18:16:32,727 [INFO] main:   [OK]   Flexport: 172 jobs
2026-09-03 18:16:32,772 [INFO] main:   [OK]   Twilio: 140 jobs
2026-09-03 18:16:32,798 [INFO] main:   [OK]   MessageBird: 32 jobs
2026-09-03 18:16:32,806 [INFO] main:   [OK]   Optiver: 166 jobs
2026-09-03 18:16:32,885 [INFO] main:   [OK]   Adyen: 223 jobs
2026-09-03 18:16:32,990 [INFO] main:   [OK]   Mollie: 45 jobs
2026-09-03 18:16:33,013 [INFO] main:   [OK]   Miro: 38 jobs
2026-09-03 18:16:33,036 [INFO] main:   [OK]   Datasnipper: 34 jobs
2026-09-03 18:16:33,059 [INFO] main:   [OK]   Picnic: 2 jobs
2026-09-03 18:16:33,059 [INFO] main:   [OK]   Uber: 1 jobs
2026-09-03 18:16:33,059 [INFO] main:   [OK]   Samsara: 242 jobs
2026-09-03 18:16:33,125 [INFO] main:   [OK]   Datadog: 442 jobs
2026-09-03 18:16:33,253 [INFO] main:   [OK]   Bunq: 13 jobs
2026-09-03 18:16:33,267 [INFO] main:   [OK]   Stripe: 601 jobs
2026-09-03 18:16:33,422 [INFO] main:   [OK]   Databricks: 858 jobs
2026-09-03 18:16:33,599 [INFO] main:   [OK]   Mendix: 37 jobs
2026-09-03 18:16:33,604 [INFO] main:   [OK]   ServiceNow: 595 jobs
2026-09-03 18:16:33,613 [INFO] main:   [OK]   Workday: 40 jobs
2026-09-03 18:16:33,614 [INFO] main:   [OK]   Revolut: 6 jobs
2026-09-03 18:16:33,616 [INFO] main:   [OK]   Backbase: 20 jobs
2026-09-03 18:16:33,617 [INFO] main:   [OK]   Booking: 1 jobs
2026-09-03 18:16:33,617 [INFO] main:   [OK]   Atlassian: 28 jobs
2026-09-03 18:16:33,628 [INFO] main:   [OK]   Cisco: 3 jobs
2026-09-03 18:16:33,630 [INFO] main:   [OK]   Justeat: 20 jobs
2026-09-03 18:16:33,639 [INFO] main: SCAN DONE. sites_ok=25 sites_fail=0 new=1 high=0 med=0 instant=0
2026-09-03 18:16:33,649 [INFO] main: Sleeping 30 min...
2026-09-03 18:46:33,737 [INFO] main: ============================================================
2026-09-03 18:46:33,783 [INFO] main: SILENT SCAN START (25 sites)
2026-09-03 18:46:33,785 [INFO] main: ============================================================
2026-09-03 18:46:59,734 [INFO] scrapers.revolut: Revolut: fetched 6 jobs
2026-09-03 18:47:01,779 [INFO] scrapers.backbase: Backbase: fetched 20 jobs
2026-09-03 18:47:16,395 [INFO] scrapers.booking: Booking: fetched 1 jobs
2026-09-03 18:47:21,183 [INFO] scrapers.atlassian: Atlassian: fetched 28 jobs
2026-09-03 18:47:48,798 [INFO] scrapers.cisco: Cisco: fetched 3 jobs
2026-09-03 18:47:57,348 [INFO] scrapers.justeat: Justeat: fetched 20 jobs
2026-09-03 18:47:57,349 [INFO] main:   [OK]   Mews: 24 jobs
2026-09-03 18:47:57,369 [INFO] main:   [OK]   Flexport: 172 jobs
2026-09-03 18:47:57,405 [INFO] main:   [OK]   MessageBird: 32 jobs
2026-09-03 18:47:57,414 [INFO] main:   [OK]   Twilio: 141 jobs
2026-09-03 18:47:57,437 [INFO] main:   [OK]   Adyen: 224 jobs
2026-09-03 18:47:57,529 [INFO] main:   [OK]   Mollie: 45 jobs
2026-09-03 18:47:57,552 [INFO] main:   [OK]   Datasnipper: 34 jobs
2026-09-03 18:47:57,579 [INFO] main:   [OK]   Optiver: 166 jobs
2026-09-03 18:47:57,655 [INFO] main:   [OK]   Picnic: 2 jobs
2026-09-03 18:47:57,655 [INFO] main:   [OK]   Miro: 38 jobs
2026-09-03 18:47:57,667 [INFO] main:   [OK]   Uber: 1 jobs
2026-09-03 18:47:57,667 [INFO] main:   [OK]   Samsara: 242 jobs
2026-09-03 18:47:57,714 [INFO] main:   [OK]   Datadog: 442 jobs
2026-09-03 18:47:57,824 [INFO] main:   [OK]   Stripe: 602 jobs
2026-09-03 18:47:57,955 [INFO] main:   [OK]   Bunq: 13 jobs
2026-09-03 18:47:57,966 [INFO] main:   [OK]   Mendix: 37 jobs
2026-09-03 18:47:57,972 [INFO] main:   [OK]   Databricks: 859 jobs
2026-09-03 18:47:58,121 [INFO] main:   [OK]   ServiceNow: 597 jobs
2026-09-03 18:47:58,131 [INFO] main:   [OK]   Workday: 40 jobs
2026-09-03 18:47:58,132 [INFO] main:   [OK]   Revolut: 6 jobs
2026-09-03 18:47:58,133 [INFO] main:   [OK]   Backbase: 20 jobs
2026-09-03 18:47:58,135 [INFO] main:   [OK]   Booking: 1 jobs
2026-09-03 18:47:58,135 [INFO] main:   [OK]   Atlassian: 28 jobs
2026-09-03 18:47:58,142 [INFO] main:   [OK]   Cisco: 3 jobs
2026-09-03 18:47:58,144 [INFO] main:   [OK]   Justeat: 20 jobs
2026-09-03 18:47:58,155 [INFO] main: SCAN DONE. sites_ok=25 sites_fail=0 new=0 high=0 med=0 instant=0
2026-09-03 18:47:58,167 [INFO] main: Sleeping 30 min...
2026-09-03 19:17:58,356 [INFO] main: ============================================================
2026-09-03 19:17:58,369 [INFO] main: SILENT SCAN START (25 sites)
2026-09-03 19:17:58,370 [INFO] main: ============================================================
2026-09-03 19:18:30,488 [INFO] scrapers.revolut: Revolut: fetched 6 jobs
2026-09-03 19:18:31,934 [INFO] scrapers.backbase: Backbase: fetched 20 jobs
2026-09-03 19:18:46,243 [INFO] scrapers.booking: Booking: fetched 1 jobs
2026-09-03 19:18:51,242 [INFO] scrapers.atlassian: Atlassian: fetched 28 jobs
2026-09-03 19:19:19,407 [INFO] scrapers.cisco: Cisco: fetched 3 jobs
2026-09-03 19:19:28,610 [INFO] scrapers.justeat: Justeat: fetched 20 jobs
2026-09-03 19:19:28,611 [INFO] main:   [OK]   Mews: 24 jobs
2026-09-03 19:19:28,631 [INFO] main:   [OK]   Twilio: 141 jobs
2026-09-03 19:19:28,655 [INFO] main:   [OK]   Adyen: 224 jobs
2026-09-03 19:19:28,742 [INFO] main:   [OK]   Samsara: 244 jobs
2026-09-03 19:19:28,790 [INFO] main:   [OK]   Datasnipper: 34 jobs
2026-09-03 19:19:28,810 [INFO] main:   [OK]   Mollie: 45 jobs
2026-09-03 19:19:28,831 [INFO] main:   [OK]   Datadog: 443 jobs
2026-09-03 19:19:28,936 [INFO] main:   [OK]   Optiver: 166 jobs
2026-09-03 19:19:29,003 [INFO] main:   [OK]   Miro: 38 jobs
2026-09-03 19:19:29,014 [INFO] main:   [OK]   Uber: 1 jobs
2026-09-03 19:19:29,014 [INFO] main:   [OK]   Picnic: 2 jobs
2026-09-03 19:19:29,014 [INFO] main:   [OK]   Stripe: 603 jobs
2026-09-03 19:19:29,155 [INFO] main:   [OK]   Bunq: 13 jobs
2026-09-03 19:19:29,163 [INFO] main:   [OK]   ServiceNow: 595 jobs
2026-09-03 19:19:29,177 [INFO] main:   [OK]   Databricks: 861 jobs
2026-09-03 19:19:29,328 [INFO] main:   [OK]   Mendix: 37 jobs
2026-09-03 19:19:29,334 [INFO] main:   [OK]   Workday: 40 jobs
2026-09-03 19:19:29,335 [INFO] main:   [OK]   MessageBird: 32 jobs
2026-09-03 19:19:29,342 [INFO] main:   [OK]   Flexport: 172 jobs
2026-09-03 19:19:29,378 [INFO] main:   [OK]   Revolut: 6 jobs
2026-09-03 19:19:29,380 [INFO] main:   [OK]   Backbase: 20 jobs
2026-09-03 19:19:29,381 [INFO] main:   [OK]   Booking: 1 jobs
2026-09-03 19:19:29,381 [INFO] main:   [OK]   Atlassian: 28 jobs
2026-09-03 19:19:29,388 [INFO] main:   [OK]   Cisco: 3 jobs
2026-09-03 19:19:29,390 [INFO] main:   [OK]   Justeat: 20 jobs
2026-09-03 19:19:29,397 [INFO] main: SCAN DONE. sites_ok=25 sites_fail=0 new=0 high=0 med=0 instant=0
2026-09-03 19:19:29,522 [INFO] digest: Daily digest sent. 16 matches, report: C:\Users\dielomb\Documents\BOTJObs\data\reports\daily_2026-09-03.html
2026-09-03 19:19:29,522 [INFO] main: DIGEST SENT: 16 matches. Report: C:\Users\dielomb\Documents\BOTJObs\data\reports\daily_2026-09-03.html
2026-09-03 19:19:29,523 [INFO] main: Sleeping 30 min...
2026-09-03 19:49:29,626 [INFO] main: ============================================================
2026-09-03 19:49:29,640 [INFO] main: SILENT SCAN START (25 sites)
2026-09-03 19:49:29,641 [INFO] main: ============================================================
2026-09-03 19:51:59,482 [INFO] scrapers.revolut: Revolut: fetched 6 jobs
2026-09-03 19:52:02,263 [INFO] scrapers.backbase: Backbase: fetched 20 jobs
2026-09-03 19:52:27,831 [INFO] scrapers.atlassian: Atlassian: fetched 0 jobs
2026-09-03 19:53:13,596 [INFO] scrapers.cisco: Cisco: fetched 3 jobs
2026-09-03 19:53:21,936 [INFO] scrapers.justeat: Justeat: fetched 19 jobs
2026-09-03 19:53:21,938 [INFO] main:   [OK]   MessageBird: 32 jobs
2026-09-03 19:53:21,948 [INFO] main:   [OK]   Mews: 24 jobs
2026-09-03 19:53:21,973 [INFO] main:   [OK]   Adyen: 224 jobs
2026-09-03 19:53:22,078 [INFO] main:   [OK]   Flexport: 172 jobs
2026-09-03 19:53:22,117 [INFO] main:   [OK]   Datadog: 443 jobs
2026-09-03 19:53:22,234 [INFO] main:   [OK]   Picnic: 2 jobs
2026-09-03 19:53:22,234 [INFO] main:   [OK]   Uber: 1 jobs
2026-09-03 19:53:22,234 [INFO] main:   [OK]   Databricks: 862 jobs
2026-09-03 19:53:22,389 [INFO] main:   [OK]   Miro: 38 jobs
2026-09-03 19:53:22,401 [INFO] main:   [OK]   Twilio: 141 jobs
2026-09-03 19:53:22,426 [INFO] main:   [OK]   Datasnipper: 34 jobs
2026-09-03 19:53:22,452 [INFO] main:   [OK]   Mollie: 45 jobs
2026-09-03 19:53:22,482 [INFO] main:   [OK]   Optiver: 166 jobs
2026-09-03 19:53:22,559 [INFO] main:   [OK]   Bunq: 13 jobs
2026-09-03 19:53:22,568 [INFO] main:   [OK]   ServiceNow: 599 jobs
2026-09-03 19:53:22,584 [INFO] main:   [OK]   Samsara: 244 jobs
2026-09-03 19:53:22,639 [INFO] main:   [OK]   Stripe: 606 jobs
2026-09-03 19:53:22,775 [INFO] main:   [OK]   Workday: 40 jobs
2026-09-03 19:53:22,776 [INFO] main:   [OK]   Mendix: 37 jobs
2026-09-03 19:53:22,784 [INFO] main:   [OK]   Revolut: 6 jobs
2026-09-03 19:53:22,799 [INFO] main:   [OK]   Backbase: 20 jobs
2026-09-03 19:53:22,800 [INFO] main:   [OK]   Atlassian: 0 jobs
2026-09-03 19:53:22,801 [WARNING] main:   [FAIL] Booking: TimeoutError: Page.goto: Timeout 30000ms exceeded.
Call log:
  - navigating to "https://jobs.booking.com/booking/jobs?page=1&pageSize=
2026-09-03 19:53:22,801 [INFO] main:   [OK]   Cisco: 3 jobs
2026-09-03 19:53:22,802 [INFO] main:   [OK]   Justeat: 19 jobs
2026-09-03 19:53:22,811 [INFO] main: SCAN DONE. sites_ok=24 sites_fail=1 new=0 high=0 med=0 instant=0
2026-09-03 19:53:22,824 [INFO] main: Sleeping 30 min...
2026-09-03 21:37:30,011 [INFO] main: ============================================================
2026-09-03 21:37:30,046 [INFO] main: SILENT SCAN START (25 sites)
2026-09-03 21:37:30,047 [INFO] main: ============================================================
2026-09-03 21:38:01,569 [INFO] scrapers.revolut: Revolut: fetched 6 jobs
2026-09-03 21:38:03,255 [INFO] scrapers.backbase: Backbase: fetched 20 jobs
2026-09-03 21:38:18,585 [INFO] scrapers.booking: Booking: fetched 1 jobs
2026-09-03 21:38:22,657 [INFO] scrapers.atlassian: Atlassian: fetched 28 jobs
2026-09-03 21:38:51,198 [INFO] scrapers.cisco: Cisco: fetched 3 jobs
2026-09-03 21:38:59,777 [INFO] scrapers.justeat: Justeat: fetched 19 jobs
2026-09-03 21:38:59,779 [INFO] main:   [OK]   MessageBird: 32 jobs
2026-09-03 21:38:59,789 [INFO] main:   [OK]   Mews: 24 jobs
2026-09-03 21:38:59,808 [INFO] main:   [OK]   Flexport: 173 jobs
2026-09-03 21:38:59,843 [INFO] main:   [OK]   Adyen: 225 jobs
2026-09-03 21:38:59,939 [INFO] main:   [OK]   Optiver: 166 jobs
2026-09-03 21:39:00,028 [INFO] main:   [OK]   Mollie: 45 jobs
2026-09-03 21:39:00,049 [INFO] main:   [OK]   Datasnipper: 34 jobs
2026-09-03 21:39:00,072 [INFO] main:   [OK]   Samsara: 244 jobs
2026-09-03 21:39:00,116 [INFO] main:   [OK]   Miro: 38 jobs
2026-09-03 21:39:00,128 [INFO] main:   [OK]   Picnic: 2 jobs
2026-09-03 21:39:00,128 [INFO] main:   [OK]   Uber: 1 jobs
2026-09-03 21:39:00,128 [INFO] main:   [OK]   Datadog: 443 jobs
2026-09-03 21:39:00,227 [INFO] main:   [OK]   Databricks: 860 jobs
2026-09-03 21:39:00,371 [INFO] main:   [OK]   Bunq: 13 jobs
2026-09-03 21:39:00,382 [INFO] main:   [OK]   Mendix: 37 jobs
2026-09-03 21:39:00,387 [INFO] main:   [OK]   ServiceNow: 604 jobs
2026-09-03 21:39:00,396 [INFO] main:   [OK]   Stripe: 609 jobs
2026-09-03 21:39:00,515 [INFO] main:   [OK]   Workday: 40 jobs
2026-09-03 21:39:00,516 [INFO] main:   [OK]   Twilio: 143 jobs
2026-09-03 21:39:00,537 [INFO] main:   [OK]   Revolut: 6 jobs
2026-09-03 21:39:00,538 [INFO] main:   [OK]   Backbase: 20 jobs
2026-09-03 21:39:00,540 [INFO] main:   [OK]   Booking: 1 jobs
2026-09-03 21:39:00,540 [INFO] main:   [OK]   Atlassian: 28 jobs
2026-09-03 21:39:00,565 [INFO] main:   [OK]   Cisco: 3 jobs
2026-09-03 21:39:00,566 [INFO] main:   [OK]   Justeat: 19 jobs
2026-09-03 21:39:00,579 [INFO] main: SCAN DONE. sites_ok=25 sites_fail=0 new=0 high=0 med=0 instant=0
2026-09-03 21:39:00,589 [INFO] main: Sleeping 30 min...
2026-09-03 22:20:58,926 [INFO] main: ============================================================
2026-09-03 22:20:58,941 [INFO] main: SILENT SCAN START (25 sites)
2026-09-03 22:20:58,942 [INFO] main: ============================================================
2026-09-03 22:21:25,836 [INFO] scrapers.revolut: Revolut: fetched 6 jobs
2026-09-03 22:21:30,640 [INFO] scrapers.backbase: Backbase: fetched 20 jobs
2026-09-03 22:21:47,128 [INFO] scrapers.booking: Booking: fetched 1 jobs
2026-09-03 22:21:51,221 [INFO] scrapers.atlassian: Atlassian: fetched 28 jobs
2026-09-03 22:22:19,591 [INFO] scrapers.cisco: Cisco: fetched 3 jobs
2026-09-03 22:22:25,956 [INFO] scrapers.justeat: Justeat: fetched 20 jobs
2026-09-03 22:22:25,959 [INFO] main:   [OK]   Mews: 24 jobs
2026-09-03 22:22:25,982 [INFO] main:   [OK]   MessageBird: 32 jobs
2026-09-03 22:22:25,990 [INFO] main:   [OK]   Flexport: 173 jobs
2026-09-03 22:22:26,024 [INFO] main:   [OK]   Twilio: 143 jobs
2026-09-03 22:22:26,046 [INFO] main:   [OK]   Optiver: 166 jobs
2026-09-03 22:22:26,118 [INFO] main:   [OK]   Datasnipper: 34 jobs
2026-09-03 22:22:26,137 [INFO] main:   [OK]   Samsara: 245 jobs
2026-09-03 22:22:26,182 [INFO] main:   [OK]   Uber: 1 jobs
2026-09-03 22:22:26,182 [INFO] main:   [OK]   Mollie: 45 jobs
2026-09-03 22:22:26,204 [INFO] main:   [OK]   Miro: 38 jobs
2026-09-03 22:22:26,215 [INFO] main:   [OK]   Picnic: 2 jobs
2026-09-03 22:22:26,215 [INFO] main:   [OK]   Datadog: 443 jobs
2026-09-03 22:22:26,311 [INFO] main:   [OK]   Stripe: 609 jobs
2026-09-03 22:22:26,429 [INFO] main:   [OK]   Bunq: 13 jobs
2026-09-03 22:22:26,440 [INFO] main:   [OK]   Databricks: 860 jobs
2026-09-03 22:22:26,572 [INFO] main:   [OK]   Adyen: 226 jobs
2026-09-03 22:22:26,653 [INFO] main:   [OK]   Mendix: 37 jobs
2026-09-03 22:22:26,659 [INFO] main:   [OK]   ServiceNow: 602 jobs
2026-09-03 22:22:26,667 [INFO] main:   [OK]   Workday: 40 jobs
2026-09-03 22:22:26,667 [INFO] main:   [OK]   Revolut: 6 jobs
2026-09-03 22:22:26,668 [INFO] main:   [OK]   Backbase: 20 jobs
2026-09-03 22:22:26,669 [INFO] main:   [OK]   Booking: 1 jobs
2026-09-03 22:22:26,669 [INFO] main:   [OK]   Atlassian: 28 jobs
2026-09-03 22:22:26,676 [INFO] main:   [OK]   Cisco: 3 jobs
2026-09-03 22:22:26,677 [INFO] main:   [OK]   Justeat: 20 jobs
2026-09-03 22:22:26,687 [INFO] main: SCAN DONE. sites_ok=25 sites_fail=0 new=0 high=0 med=0 instant=0
2026-09-03 22:22:26,695 [INFO] main: Sleeping 30 min...
2026-09-03 22:56:37,007 [INFO] main: ============================================================
2026-09-03 22:56:37,025 [INFO] main: SILENT SCAN START (25 sites)
2026-09-03 22:56:37,026 [INFO] main: ============================================================
2026-09-03 22:57:06,745 [INFO] scrapers.revolut: Revolut: fetched 6 jobs
2026-09-03 22:57:07,396 [INFO] scrapers.backbase: Backbase: fetched 20 jobs
2026-09-03 22:57:25,293 [INFO] scrapers.booking: Booking: fetched 1 jobs
2026-09-03 22:57:25,667 [INFO] scrapers.atlassian: Atlassian: fetched 28 jobs
2026-09-03 22:57:58,530 [INFO] scrapers.cisco: Cisco: fetched 3 jobs
2026-09-03 22:58:06,910 [INFO] scrapers.justeat: Justeat: fetched 20 jobs
2026-09-03 22:58:06,917 [INFO] main:   [OK]   MessageBird: 32 jobs
2026-09-03 22:58:06,933 [INFO] main:   [OK]   Mews: 24 jobs
2026-09-03 22:58:06,963 [INFO] main:   [OK]   Flexport: 173 jobs
2026-09-03 22:58:07,014 [INFO] main:   [OK]   Twilio: 143 jobs
2026-09-03 22:58:07,045 [INFO] main:   [OK]   Adyen: 227 jobs
2026-09-03 22:58:07,201 [INFO] main:   [OK]   Datasnipper: 34 jobs
2026-09-03 22:58:07,232 [INFO] main:   [OK]   Mollie: 45 jobs
2026-09-03 22:58:07,262 [INFO] main:   [OK]   Samsara: 244 jobs
2026-09-03 22:58:07,320 [INFO] main:   [OK]   Uber: 1 jobs
2026-09-03 22:58:07,320 [INFO] main:   [OK]   Optiver: 166 jobs
2026-09-03 22:58:07,429 [INFO] main:   [OK]   Picnic: 2 jobs
2026-09-03 22:58:07,429 [INFO] main:   [OK]   Miro: 38 jobs
2026-09-03 22:58:07,445 [INFO] main:   [OK]   Datadog: 443 jobs
2026-09-03 22:58:07,600 [INFO] main:   [OK]   Bunq: 13 jobs
2026-09-03 22:58:07,612 [INFO] main:   [OK]   Stripe: 609 jobs
2026-09-03 22:58:07,768 [INFO] main:   [OK]   Databricks: 860 jobs
2026-09-03 22:58:07,975 [INFO] main:   [OK]   Mendix: 37 jobs
2026-09-03 22:58:07,983 [INFO] main:   [OK]   ServiceNow: 606 jobs
2026-09-03 22:58:08,001 [INFO] main:   [OK]   Workday: 40 jobs
2026-09-03 22:58:08,002 [INFO] main:   [OK]   Revolut: 6 jobs
2026-09-03 22:58:08,002 [INFO] main:   [OK]   Backbase: 20 jobs
2026-09-03 22:58:08,004 [INFO] main:   [OK]   Booking: 1 jobs
2026-09-03 22:58:08,071 [INFO] main:   [OK]   Atlassian: 28 jobs
2026-09-03 22:58:08,080 [INFO] main:   [OK]   Cisco: 3 jobs
2026-09-03 22:58:08,081 [INFO] main:   [OK]   Justeat: 20 jobs
2026-09-03 22:58:08,090 [INFO] main: SCAN DONE. sites_ok=25 sites_fail=0 new=1 high=0 med=0 instant=0
2026-09-03 22:58:08,107 [INFO] main: Sleeping 30 min...
2026-09-04 10:36:13,943 [INFO] main: ============================================================
2026-09-04 10:36:13,964 [INFO] main: SILENT SCAN START (25 sites)
2026-09-04 10:36:13,965 [INFO] main: ============================================================
2026-09-04 10:36:38,255 [INFO] scrapers.revolut: Revolut: fetched 6 jobs
2026-09-04 10:36:39,492 [INFO] scrapers.backbase: Backbase: fetched 20 jobs
2026-09-04 10:36:53,564 [INFO] scrapers.booking: Booking: fetched 1 jobs
2026-09-04 10:37:00,348 [INFO] scrapers.atlassian: Atlassian: fetched 28 jobs
2026-09-04 10:37:25,468 [INFO] scrapers.cisco: Cisco: fetched 3 jobs
2026-09-04 10:37:33,967 [INFO] scrapers.justeat: Justeat: fetched 19 jobs
2026-09-04 10:37:33,968 [INFO] main:   [OK]   Mews: 24 jobs
2026-09-04 10:37:33,982 [INFO] main:   [OK]   MessageBird: 32 jobs
2026-09-04 10:37:33,990 [INFO] main:   [OK]   Flexport: 173 jobs
2026-09-04 10:37:34,026 [INFO] main:   [OK]   Adyen: 228 jobs
2026-09-04 10:37:34,114 [INFO] main:   [OK]   Twilio: 145 jobs
2026-09-04 10:37:34,138 [INFO] main:   [OK]   Optiver: 166 jobs
2026-09-04 10:37:34,209 [INFO] main:   [OK]   Datasnipper: 34 jobs
2026-09-04 10:37:34,229 [INFO] main:   [OK]   Miro: 38 jobs
2026-09-04 10:37:34,240 [INFO] main:   [OK]   Mollie: 45 jobs
2026-09-04 10:37:34,262 [INFO] main:   [OK]   Picnic: 2 jobs
2026-09-04 10:37:34,262 [INFO] main:   [OK]   Samsara: 246 jobs
2026-09-04 10:37:34,312 [INFO] main:   [OK]   Uber: 1 jobs
2026-09-04 10:37:34,312 [INFO] main:   [OK]   Stripe: 611 jobs
2026-09-04 10:37:34,445 [INFO] main:   [OK]   Bunq: 13 jobs
2026-09-04 10:37:34,455 [INFO] main:   [OK]   Datadog: 444 jobs
2026-09-04 10:37:34,559 [INFO] main:   [OK]   Databricks: 866 jobs
2026-09-04 10:37:34,701 [INFO] main:   [OK]   Mendix: 38 jobs
2026-09-04 10:37:34,706 [INFO] main:   [OK]   ServiceNow: 618 jobs
2026-09-04 10:37:34,715 [INFO] main:   [OK]   Workday: 40 jobs
2026-09-04 10:37:34,716 [INFO] main:   [OK]   Revolut: 6 jobs
2026-09-04 10:37:34,716 [INFO] main:   [OK]   Backbase: 20 jobs
2026-09-04 10:37:34,718 [INFO] main:   [OK]   Booking: 1 jobs
2026-09-04 10:37:34,718 [INFO] main:   [OK]   Atlassian: 28 jobs
2026-09-04 10:37:34,725 [INFO] main:   [OK]   Cisco: 3 jobs
2026-09-04 10:37:34,727 [INFO] main:   [OK]   Justeat: 19 jobs
2026-09-04 10:37:34,737 [INFO] main: SCAN DONE. sites_ok=25 sites_fail=0 new=0 high=0 med=0 instant=0
2026-09-04 10:37:34,742 [INFO] main: Sleeping 30 min...
2026-09-04 11:07:33,883 [INFO] main: ============================================================
2026-09-04 11:07:33,886 [INFO] main: SILENT SCAN START (25 sites)
2026-09-04 11:07:33,886 [INFO] main: ============================================================
2026-09-04 11:07:58,691 [INFO] scrapers.revolut: Revolut: fetched 6 jobs
2026-09-04 11:07:59,903 [INFO] scrapers.backbase: Backbase: fetched 20 jobs
2026-09-04 11:08:14,809 [INFO] scrapers.booking: Booking: fetched 1 jobs
2026-09-04 11:08:19,035 [INFO] scrapers.atlassian: Atlassian: fetched 28 jobs
2026-09-04 11:08:46,966 [INFO] scrapers.cisco: Cisco: fetched 3 jobs
2026-09-04 11:08:55,186 [INFO] scrapers.justeat: Justeat: fetched 20 jobs
2026-09-04 11:08:55,187 [INFO] main:   [OK]   Mews: 24 jobs
2026-09-04 11:08:55,202 [INFO] main:   [OK]   MessageBird: 32 jobs
2026-09-04 11:08:55,210 [INFO] main:   [OK]   Twilio: 145 jobs
2026-09-04 11:08:55,236 [INFO] main:   [OK]   Adyen: 227 jobs
2026-09-04 11:08:55,330 [INFO] main:   [OK]   Flexport: 173 jobs
2026-09-04 11:08:55,371 [INFO] main:   [OK]   Mollie: 45 jobs
2026-09-04 11:08:55,397 [INFO] main:   [OK]   Picnic: 2 jobs
2026-09-04 11:08:55,397 [INFO] main:   [OK]   Datadog: 444 jobs
2026-09-04 11:08:55,526 [INFO] main:   [OK]   Uber: 1 jobs
2026-09-04 11:08:55,526 [INFO] main:   [OK]   Optiver: 166 jobs
2026-09-04 11:08:55,618 [INFO] main:   [OK]   Miro: 38 jobs
2026-09-04 11:08:55,632 [INFO] main:   [OK]   Datasnipper: 34 jobs
2026-09-04 11:08:55,660 [INFO] main:   [OK]   Samsara: 246 jobs
2026-09-04 11:08:55,721 [INFO] main:   [OK]   Bunq: 13 jobs
2026-09-04 11:08:55,733 [INFO] main:   [OK]   Stripe: 611 jobs
2026-09-04 11:08:55,889 [INFO] main:   [OK]   Databricks: 865 jobs
2026-09-04 11:08:56,061 [INFO] main:   [OK]   Mendix: 38 jobs
2026-09-04 11:08:56,067 [INFO] main:   [OK]   ServiceNow: 619 jobs
2026-09-04 11:08:56,080 [INFO] main:   [OK]   Workday: 40 jobs
2026-09-04 11:08:56,080 [INFO] main:   [OK]   Revolut: 6 jobs
2026-09-04 11:08:56,081 [INFO] main:   [OK]   Backbase: 20 jobs
2026-09-04 11:08:56,082 [INFO] main:   [OK]   Booking: 1 jobs
2026-09-04 11:08:56,082 [INFO] main:   [OK]   Atlassian: 28 jobs
2026-09-04 11:08:56,093 [INFO] main:   [OK]   Cisco: 3 jobs
2026-09-04 11:08:56,096 [INFO] main:   [OK]   Justeat: 20 jobs
2026-09-04 11:08:56,105 [INFO] main: SCAN DONE. sites_ok=25 sites_fail=0 new=0 high=0 med=0 instant=0
2026-09-04 11:08:56,114 [INFO] main: Sleeping 30 min...
2026-09-04 11:43:13,683 [INFO] main: ============================================================
2026-09-04 11:43:14,141 [INFO] main: SILENT SCAN START (25 sites)
2026-09-04 11:43:14,145 [INFO] main: ============================================================
2026-09-04 11:43:37,911 [INFO] scrapers.revolut: Revolut: fetched 6 jobs
2026-09-04 11:43:40,818 [INFO] scrapers.backbase: Backbase: fetched 20 jobs
2026-09-04 11:43:55,905 [INFO] scrapers.booking: Booking: fetched 1 jobs
2026-09-04 11:43:58,604 [INFO] scrapers.atlassian: Atlassian: fetched 28 jobs
2026-09-04 11:44:32,519 [INFO] scrapers.cisco: Cisco: fetched 3 jobs
2026-09-04 11:44:38,201 [INFO] scrapers.justeat: Justeat: fetched 19 jobs
2026-09-04 11:44:38,202 [INFO] main:   [OK]   Mews: 24 jobs
2026-09-04 11:44:38,223 [INFO] main:   [OK]   Flexport: 173 jobs
2026-09-04 11:44:38,259 [INFO] main:   [OK]   Adyen: 227 jobs
2026-09-04 11:44:38,352 [INFO] main:   [OK]   MessageBird: 32 jobs
2026-09-04 11:44:38,360 [INFO] main:   [OK]   Optiver: 166 jobs
2026-09-04 11:44:38,437 [INFO] main:   [OK]   Samsara: 246 jobs
2026-09-04 11:44:38,490 [INFO] main:   [OK]   Twilio: 147 jobs
2026-09-04 11:44:38,516 [INFO] main:   [OK]   Mollie: 45 jobs
2026-09-04 11:44:38,541 [INFO] main:   [OK]   Datasnipper: 34 jobs
2026-09-04 11:44:38,563 [INFO] main:   [OK]   Miro: 38 jobs
2026-09-04 11:44:38,575 [INFO] main:   [OK]   Picnic: 2 jobs
2026-09-04 11:44:38,575 [INFO] main:   [OK]   Datadog: 443 jobs
2026-09-04 11:44:38,689 [INFO] main:   [OK]   Uber: 1 jobs
2026-09-04 11:44:38,689 [INFO] main:   [OK]   Stripe: 611 jobs
2026-09-04 11:44:38,829 [INFO] main:   [OK]   Bunq: 13 jobs
2026-09-04 11:44:38,841 [INFO] main:   [OK]   Databricks: 865 jobs
2026-09-04 11:44:38,998 [INFO] main:   [OK]   ServiceNow: 617 jobs
2026-09-04 11:44:39,009 [INFO] main:   [OK]   Mendix: 38 jobs
2026-09-04 11:44:39,016 [INFO] main:   [OK]   Workday: 40 jobs
2026-09-04 11:44:39,017 [INFO] main:   [OK]   Revolut: 6 jobs
2026-09-04 11:44:39,017 [INFO] main:   [OK]   Backbase: 20 jobs
2026-09-04 11:44:39,019 [INFO] main:   [OK]   Booking: 1 jobs
2026-09-04 11:44:39,019 [INFO] main:   [OK]   Atlassian: 28 jobs
2026-09-04 11:44:39,027 [INFO] main:   [OK]   Cisco: 3 jobs
2026-09-04 11:44:39,029 [INFO] main:   [OK]   Justeat: 19 jobs
2026-09-04 11:44:39,038 [INFO] main: SCAN DONE. sites_ok=25 sites_fail=0 new=0 high=0 med=0 instant=0
2026-09-04 11:44:39,042 [INFO] main: Sleeping 30 min...
2026-09-04 13:08:59,625 [INFO] main: ============================================================
2026-09-04 14:22:11,551 [INFO] main: SILENT SCAN START (25 sites)
2026-09-04 14:22:11,581 [INFO] main: ============================================================
2026-09-04 14:23:18,260 [WARNING] scrapers.atlassian: Atlassian https://www.atlassian.com/company/careers/all-jobs?team=&location=Netherlands&search= failed: Page.goto: Timeout 30000ms exceeded.
Call log:
  - navigating to "https://www.atlassian.com/company/careers/all-jobs?team=&location=Netherlands&search=", waiting until "domcontentloaded"

2026-09-04 14:24:13,414 [INFO] scrapers.booking: Booking: fetched 1 jobs
2026-09-04 14:24:17,817 [INFO] scrapers.atlassian: Atlassian: fetched 0 jobs
2026-09-04 14:24:47,661 [INFO] scrapers.cisco: Cisco: fetched 3 jobs
2026-09-04 14:25:01,159 [INFO] scrapers.justeat: Justeat: fetched 20 jobs
2026-09-04 14:25:01,161 [WARNING] main:   [FAIL] Flexport: ConnectionError: HTTPSConnectionPool(host='boards-api.greenhouse.io', port=443): Max retries exceeded with url: /v1/boards/flexport/jobs?
2026-09-04 14:25:01,161 [WARNING] main:   [FAIL] Samsara: ConnectionError: HTTPSConnectionPool(host='boards-api.greenhouse.io', port=443): Max retries exceeded with url: /v1/boards/samsara/jobs?c
2026-09-04 14:25:01,161 [WARNING] main:   [FAIL] Datadog: ConnectionError: HTTPSConnectionPool(host='boards-api.greenhouse.io', port=443): Max retries exceeded with url: /v1/boards/datadog/jobs?c
2026-09-04 14:25:01,161 [WARNING] main:   [FAIL] Twilio: ConnectionError: HTTPSConnectionPool(host='boards-api.greenhouse.io', port=443): Max retries exceeded with url: /v1/boards/twilio/jobs?co
2026-09-04 14:25:01,161 [WARNING] main:   [FAIL] Adyen: ConnectionError: HTTPSConnectionPool(host='boards-api.greenhouse.io', port=443): Max retries exceeded with url: /v1/boards/adyen/jobs?con
2026-09-04 14:25:01,161 [WARNING] main:   [FAIL] Databricks: ConnectionError: HTTPSConnectionPool(host='boards-api.greenhouse.io', port=443): Max retries exceeded with url: /v1/boards/databricks/job
2026-09-04 14:25:01,161 [WARNING] main:   [FAIL] MessageBird: ConnectionError: HTTPSConnectionPool(host='boards-api.greenhouse.io', port=443): Max retries exceeded with url: /v1/boards/bird/jobs?cont
2026-09-04 14:25:01,161 [WARNING] main:   [FAIL] Mews: ConnectionError: HTTPSConnectionPool(host='boards-api.greenhouse.io', port=443): Max retries exceeded with url: /v1/boards/mewssystems/jo
2026-09-04 14:25:01,162 [WARNING] main:   [FAIL] Optiver: ConnectionError: HTTPSConnectionPool(host='boards-api.greenhouse.io', port=443): Max retries exceeded with url: /v1/boards/optiverus/jobs
2026-09-04 14:25:01,162 [WARNING] main:   [FAIL] Stripe: ConnectionError: HTTPSConnectionPool(host='boards-api.greenhouse.io', port=443): Max retries exceeded with url: /v1/boards/stripe/jobs?co
2026-09-04 14:25:01,162 [WARNING] main:   [FAIL] Miro: ConnectionError: HTTPSConnectionPool(host='api.ashbyhq.com', port=443): Max retries exceeded with url: /posting-api/job-board/miro?includ
2026-09-04 14:25:01,162 [WARNING] main:   [FAIL] ServiceNow: ConnectionError: HTTPSConnectionPool(host='api.smartrecruiters.com', port=443): Max retries exceeded with url: /v1/companies/servicenow/p
2026-09-04 14:25:01,162 [WARNING] main:   [FAIL] Mollie: ConnectionError: HTTPSConnectionPool(host='api.ashbyhq.com', port=443): Max retries exceeded with url: /posting-api/job-board/mollie?incl
2026-09-04 14:25:01,162 [WARNING] main:   [FAIL] Picnic: ConnectionError: HTTPSConnectionPool(host='api.smartrecruiters.com', port=443): Max retries exceeded with url: /v1/companies/picnic/posti
2026-09-04 14:25:01,162 [WARNING] main:   [FAIL] Datasnipper: ConnectionError: HTTPSConnectionPool(host='api.ashbyhq.com', port=443): Max retries exceeded with url: /posting-api/job-board/datasnipper
2026-09-04 14:25:01,162 [WARNING] main:   [FAIL] Workday: ConnectionError: HTTPSConnectionPool(host='workday.wd5.myworkdayjobs.com', port=443): Max retries exceeded with url: /wday/cxs/workday/Wo
2026-09-04 14:25:01,162 [WARNING] main:   [FAIL] Mendix: ConnectionError: HTTPSConnectionPool(host='api.lever.co', port=443): Max retries exceeded with url: /v0/postings/mendix?mode=json (Caused
2026-09-04 14:25:01,162 [WARNING] main:   [FAIL] Bunq: ConnectionError: HTTPSConnectionPool(host='bunq.recruitee.com', port=443): Max retries exceeded with url: /api/offers/ (Caused by NameRes
2026-09-04 14:25:01,162 [WARNING] main:   [FAIL] Uber: ConnectionError: HTTPSConnectionPool(host='api.smartrecruiters.com', port=443): Max retries exceeded with url: /v1/companies/uber/posting
2026-09-04 14:25:01,163 [WARNING] main:   [FAIL] Revolut: TimeoutError: Page.goto: Timeout 30000ms exceeded.
Call log:
  - navigating to "https://www.revolut.com/careers/", waiting until "domc
2026-09-04 14:25:01,163 [WARNING] main:   [FAIL] Backbase: TimeoutError: Page.goto: Timeout 30000ms exceeded.
Call log:
  - navigating to "https://www.backbase.com/careers/jobs", waiting until 
2026-09-04 14:25:01,163 [INFO] main:   [OK]   Booking: 1 jobs
2026-09-04 14:25:01,163 [INFO] main:   [OK]   Atlassian: 0 jobs
2026-09-04 14:25:01,163 [INFO] main:   [OK]   Cisco: 3 jobs
2026-09-04 14:25:01,169 [INFO] main:   [OK]   Justeat: 20 jobs
2026-09-04 14:25:01,177 [INFO] main: SCAN DONE. sites_ok=4 sites_fail=21 new=0 high=0 med=0 instant=0
2026-09-04 14:25:01,178 [INFO] main: Sleeping 30 min...
2026-09-04 14:55:01,309 [INFO] main: ============================================================
2026-09-04 14:55:01,330 [INFO] main: SILENT SCAN START (25 sites)
2026-09-04 14:55:01,333 [INFO] main: ============================================================
2026-09-04 14:55:42,747 [INFO] scrapers.revolut: Revolut: fetched 6 jobs
2026-09-04 14:55:42,847 [INFO] scrapers.backbase: Backbase: fetched 20 jobs
2026-09-04 14:56:15,020 [INFO] scrapers.atlassian: Atlassian: fetched 28 jobs
2026-09-04 14:56:55,193 [INFO] scrapers.cisco: Cisco: fetched 3 jobs
2026-09-04 14:57:02,285 [INFO] scrapers.justeat: Justeat: fetched 20 jobs
2026-09-04 14:57:02,287 [INFO] main:   [OK]   MessageBird: 32 jobs
2026-09-04 14:57:02,316 [INFO] main:   [OK]   Mews: 24 jobs
2026-09-04 14:57:02,350 [INFO] main:   [OK]   Datasnipper: 37 jobs
2026-09-04 14:57:02,453 [INFO] main:   --> INSTANT NOTIF [55] Datasnipper: Manager, Customer Success — SMB & Mid-Market
2026-09-04 14:57:02,453 [INFO] main:   [OK]   Samsara: 246 jobs
2026-09-04 14:57:02,507 [INFO] main:   [OK]   Adyen: 227 jobs
2026-09-04 14:57:02,639 [INFO] main:   [OK]   Flexport: 173 jobs
2026-09-04 14:57:02,683 [INFO] main:   [OK]   Miro: 38 jobs
2026-09-04 14:57:02,697 [INFO] main:   [OK]   Optiver: 166 jobs
2026-09-04 14:57:02,790 [INFO] main:   [OK]   Mollie: 45 jobs
2026-09-04 14:57:02,844 [INFO] main:   [OK]   Picnic: 2 jobs
2026-09-04 14:57:02,844 [INFO] main:   [OK]   Bunq: 13 jobs
2026-09-04 14:57:02,865 [INFO] main:   [OK]   Uber: 1 jobs
2026-09-04 14:57:02,865 [INFO] main:   [OK]   Databricks: 867 jobs
2026-09-04 14:57:03,032 [INFO] main:   [OK]   Twilio: 147 jobs
2026-09-04 14:57:03,057 [INFO] main:   [OK]   Datadog: 442 jobs
2026-09-04 14:57:03,178 [INFO] main:   [OK]   ServiceNow: 617 jobs
2026-09-04 14:57:03,200 [INFO] main:   [OK]   Workday: 40 jobs
2026-09-04 14:57:03,201 [INFO] main:   [OK]   Stripe: 611 jobs
2026-09-04 14:57:03,369 [INFO] main:   [OK]   Mendix: 37 jobs
2026-09-04 14:57:03,378 [INFO] main:   [OK]   Revolut: 6 jobs
2026-09-04 14:57:03,378 [INFO] main:   [OK]   Backbase: 20 jobs
2026-09-04 14:57:03,381 [WARNING] main:   [FAIL] Booking: TimeoutError: Page.goto: Timeout 30000ms exceeded.
Call log:
  - navigating to "https://jobs.booking.com/booking/jobs?page=1&pageSize=
2026-09-04 14:57:03,381 [INFO] main:   [OK]   Atlassian: 28 jobs
2026-09-04 14:57:03,392 [INFO] main:   [OK]   Cisco: 3 jobs
2026-09-04 14:57:03,393 [INFO] main:   [OK]   Justeat: 20 jobs
2026-09-04 14:57:03,404 [INFO] main: SCAN DONE. sites_ok=24 sites_fail=1 new=3 high=0 med=1 instant=1
2026-09-04 14:57:03,427 [INFO] main: Sleeping 30 min...
2026-09-04 15:28:36,651 [INFO] main: ============================================================
2026-09-04 15:28:36,678 [INFO] main: SILENT SCAN START (25 sites)
2026-09-04 15:28:36,680 [INFO] main: ============================================================
2026-09-04 15:29:01,734 [INFO] scrapers.revolut: Revolut: fetched 6 jobs
2026-09-04 15:29:03,273 [INFO] scrapers.backbase: Backbase: fetched 20 jobs
2026-09-04 15:29:17,522 [INFO] scrapers.booking: Booking: fetched 1 jobs
2026-09-04 15:29:22,070 [INFO] scrapers.atlassian: Atlassian: fetched 28 jobs
2026-09-04 15:29:50,492 [INFO] scrapers.cisco: Cisco: fetched 3 jobs
2026-09-04 15:29:59,253 [INFO] scrapers.justeat: Justeat: fetched 19 jobs
2026-09-04 15:29:59,254 [INFO] main:   [OK]   MessageBird: 32 jobs
2026-09-04 15:29:59,262 [INFO] main:   [OK]   Flexport: 173 jobs
2026-09-04 15:29:59,299 [INFO] main:   [OK]   Adyen: 229 jobs
2026-09-04 15:29:59,414 [INFO] main:   [OK]   Twilio: 147 jobs
2026-09-04 15:29:59,437 [INFO] main:   [OK]   Mews: 24 jobs
2026-09-04 15:29:59,447 [INFO] main:   [OK]   Mollie: 45 jobs
2026-09-04 15:29:59,469 [INFO] main:   [OK]   Datasnipper: 37 jobs
2026-09-04 15:29:59,493 [INFO] main:   [OK]   Optiver: 166 jobs
2026-09-04 15:29:59,562 [INFO] main:   [OK]   Miro: 38 jobs
2026-09-04 15:29:59,572 [INFO] main:   [OK]   Picnic: 2 jobs
2026-09-04 15:29:59,573 [INFO] main:   [OK]   Samsara: 246 jobs
2026-09-04 15:29:59,617 [INFO] main:   [OK]   Uber: 1 jobs
2026-09-04 15:29:59,617 [INFO] main:   [OK]   Datadog: 442 jobs
2026-09-04 15:29:59,716 [INFO] main:   [OK]   Bunq: 13 jobs
2026-09-04 15:29:59,726 [INFO] main:   [OK]   Stripe: 611 jobs
2026-09-04 15:29:59,851 [INFO] main:   [OK]   Databricks: 867 jobs
2026-09-04 15:29:59,982 [INFO] main:   [OK]   Mendix: 37 jobs
2026-09-04 15:29:59,989 [INFO] main:   [OK]   ServiceNow: 617 jobs
2026-09-04 15:30:00,032 [INFO] main:   [OK]   Workday: 40 jobs
2026-09-04 15:30:00,032 [INFO] main:   [OK]   Revolut: 6 jobs
2026-09-04 15:30:00,033 [INFO] main:   [OK]   Backbase: 20 jobs
2026-09-04 15:30:00,034 [INFO] main:   [OK]   Booking: 1 jobs
2026-09-04 15:30:00,034 [INFO] main:   [OK]   Atlassian: 28 jobs
2026-09-04 15:30:00,039 [INFO] main:   [OK]   Cisco: 3 jobs
2026-09-04 15:30:00,040 [INFO] main:   [OK]   Justeat: 19 jobs
2026-09-04 15:30:00,078 [INFO] main: SCAN DONE. sites_ok=25 sites_fail=0 new=2 high=0 med=0 instant=0
2026-09-04 15:30:00,088 [INFO] main: Sleeping 30 min...
2026-09-04 16:00:00,273 [INFO] main: ============================================================
2026-09-04 16:00:00,304 [INFO] main: SILENT SCAN START (25 sites)
2026-09-04 16:00:00,306 [INFO] main: ============================================================
2026-09-04 16:00:28,316 [INFO] scrapers.revolut: Revolut: fetched 6 jobs
2026-09-04 16:00:30,515 [INFO] scrapers.backbase: Backbase: fetched 20 jobs
2026-09-04 16:00:45,330 [INFO] scrapers.booking: Booking: fetched 1 jobs
2026-09-04 16:00:48,274 [INFO] scrapers.atlassian: Atlassian: fetched 28 jobs
2026-09-04 16:01:17,310 [INFO] scrapers.cisco: Cisco: fetched 3 jobs
2026-09-04 16:01:25,392 [INFO] scrapers.justeat: Justeat: fetched 20 jobs
2026-09-04 16:01:25,393 [INFO] main:   [OK]   MessageBird: 32 jobs
2026-09-04 16:01:25,404 [INFO] main:   [OK]   Adyen: 230 jobs
2026-09-04 16:01:25,529 [INFO] main:   [OK]   Mews: 24 jobs
2026-09-04 16:01:25,540 [INFO] main:   [OK]   Flexport: 173 jobs
2026-09-04 16:01:25,585 [INFO] main:   [OK]   Samsara: 246 jobs
2026-09-04 16:01:25,648 [INFO] main:   [OK]   Mollie: 45 jobs
2026-09-04 16:01:25,680 [INFO] main:   [OK]   Datasnipper: 37 jobs
2026-09-04 16:01:25,715 [INFO] main:   [OK]   Miro: 38 jobs
2026-09-04 16:01:25,728 [INFO] main:   [OK]   Picnic: 2 jobs
2026-09-04 16:01:25,729 [INFO] main:   [OK]   Uber: 1 jobs
2026-09-04 16:01:25,729 [INFO] main:   [OK]   Datadog: 442 jobs
2026-09-04 16:01:25,853 [INFO] main:   [OK]   Bunq: 13 jobs
2026-09-04 16:01:25,868 [INFO] main:   [OK]   Stripe: 611 jobs
2026-09-04 16:01:26,031 [INFO] main:   [OK]   Optiver: 166 jobs
2026-09-04 16:01:26,126 [INFO] main:   [OK]   Twilio: 147 jobs
2026-09-04 16:01:26,152 [INFO] main:   [OK]   Databricks: 867 jobs
2026-09-04 16:01:26,341 [INFO] main:   [OK]   Mendix: 37 jobs
2026-09-04 16:01:26,347 [INFO] main:   [OK]   ServiceNow: 619 jobs
2026-09-04 16:01:26,356 [INFO] main:   [OK]   Workday: 40 jobs
2026-09-04 16:01:26,356 [INFO] main:   [OK]   Revolut: 6 jobs
2026-09-04 16:01:26,356 [INFO] main:   [OK]   Backbase: 20 jobs
2026-09-04 16:01:26,358 [INFO] main:   [OK]   Booking: 1 jobs
2026-09-04 16:01:26,358 [INFO] main:   [OK]   Atlassian: 28 jobs
2026-09-04 16:01:26,365 [INFO] main:   [OK]   Cisco: 3 jobs
2026-09-04 16:01:26,367 [INFO] main:   [OK]   Justeat: 20 jobs
2026-09-04 16:01:26,378 [INFO] main: SCAN DONE. sites_ok=25 sites_fail=0 new=1 high=0 med=0 instant=0
2026-09-04 16:01:26,383 [INFO] main: Sleeping 30 min...
2026-09-04 16:31:26,530 [INFO] main: ============================================================
2026-09-04 16:31:26,556 [INFO] main: SILENT SCAN START (25 sites)
2026-09-04 16:31:26,559 [INFO] main: ============================================================
2026-09-04 16:31:51,423 [INFO] scrapers.revolut: Revolut: fetched 6 jobs
2026-09-04 16:31:56,569 [INFO] scrapers.backbase: Backbase: fetched 20 jobs
2026-09-04 16:32:12,640 [INFO] scrapers.atlassian: Atlassian: fetched 28 jobs
2026-09-04 16:32:13,065 [INFO] scrapers.booking: Booking: fetched 1 jobs
2026-09-04 16:32:44,621 [INFO] scrapers.cisco: Cisco: fetched 3 jobs
2026-09-04 16:32:51,051 [INFO] scrapers.justeat: Justeat: fetched 19 jobs
2026-09-04 16:32:51,052 [INFO] main:   [OK]   MessageBird: 32 jobs
2026-09-04 16:32:51,062 [INFO] main:   [OK]   Mews: 24 jobs
2026-09-04 16:32:51,077 [INFO] main:   [OK]   Flexport: 173 jobs
2026-09-04 16:32:51,115 [INFO] main:   [OK]   Adyen: 231 jobs
2026-09-04 16:32:51,200 [INFO] main:   [OK]   Mollie: 45 jobs
2026-09-04 16:32:51,222 [INFO] main:   [OK]   Samsara: 246 jobs
2026-09-04 16:32:51,267 [INFO] main:   [OK]   Datasnipper: 37 jobs
2026-09-04 16:32:51,294 [INFO] main:   [OK]   Twilio: 147 jobs
2026-09-04 16:32:51,317 [INFO] main:   [OK]   Miro: 38 jobs
2026-09-04 16:32:51,329 [INFO] main:   [OK]   Picnic: 2 jobs
2026-09-04 16:32:51,329 [INFO] main:   [OK]   Uber: 1 jobs
2026-09-04 16:32:51,329 [INFO] main:   [OK]   Stripe: 612 jobs
2026-09-04 16:32:51,452 [INFO] main:   [OK]   Datadog: 442 jobs
2026-09-04 16:32:51,557 [INFO] main:   [OK]   Bunq: 13 jobs
2026-09-04 16:32:51,566 [INFO] main:   [OK]   Optiver: 166 jobs
2026-09-04 16:32:51,634 [INFO] main:   [OK]   Databricks: 867 jobs
2026-09-04 16:32:51,766 [INFO] main:   [OK]   Mendix: 37 jobs
2026-09-04 16:32:51,772 [INFO] main:   [OK]   ServiceNow: 620 jobs
2026-09-04 16:32:51,783 [INFO] main:   [OK]   Workday: 40 jobs
2026-09-04 16:32:51,784 [INFO] main:   [OK]   Revolut: 6 jobs
2026-09-04 16:32:51,784 [INFO] main:   [OK]   Backbase: 20 jobs
2026-09-04 16:32:51,786 [INFO] main:   [OK]   Atlassian: 28 jobs
2026-09-04 16:32:51,796 [INFO] main:   [OK]   Booking: 1 jobs
2026-09-04 16:32:51,796 [INFO] main:   [OK]   Cisco: 3 jobs
2026-09-04 16:32:51,798 [INFO] main:   [OK]   Justeat: 19 jobs
2026-09-04 16:32:51,807 [INFO] main: SCAN DONE. sites_ok=25 sites_fail=0 new=0 high=0 med=0 instant=0
2026-09-04 16:32:51,816 [INFO] main: Sleeping 30 min...
2026-09-04 17:02:51,934 [INFO] main: ============================================================
2026-09-04 17:02:51,948 [INFO] main: SILENT SCAN START (25 sites)
2026-09-04 17:02:51,950 [INFO] main: ============================================================
2026-09-04 17:03:18,427 [INFO] scrapers.revolut: Revolut: fetched 6 jobs
2026-09-04 17:03:20,267 [INFO] scrapers.backbase: Backbase: fetched 20 jobs
2026-09-04 17:03:35,296 [INFO] scrapers.booking: Booking: fetched 1 jobs
2026-09-04 17:03:39,455 [INFO] scrapers.atlassian: Atlassian: fetched 28 jobs
2026-09-04 17:04:07,922 [INFO] scrapers.cisco: Cisco: fetched 3 jobs
2026-09-04 17:04:15,918 [INFO] scrapers.justeat: Justeat: fetched 20 jobs
2026-09-04 17:04:15,919 [INFO] main:   [OK]   MessageBird: 32 jobs
2026-09-04 17:04:15,926 [INFO] main:   [OK]   Mews: 24 jobs
2026-09-04 17:04:15,941 [INFO] main:   [OK]   Twilio: 147 jobs
2026-09-04 17:04:15,967 [INFO] main:   [OK]   Flexport: 173 jobs
2026-09-04 17:04:16,006 [INFO] main:   [OK]   Adyen: 231 jobs
2026-09-04 17:04:16,100 [INFO] main:   [OK]   Miro: 38 jobs
2026-09-04 17:04:16,110 [INFO] main:   [OK]   Mollie: 45 jobs
2026-09-04 17:04:16,134 [INFO] main:   [OK]   Datasnipper: 37 jobs
2026-09-04 17:04:16,160 [INFO] main:   [OK]   Optiver: 166 jobs
2026-09-04 17:04:16,233 [INFO] main:   [OK]   Picnic: 2 jobs
2026-09-04 17:04:16,233 [INFO] main:   [OK]   Uber: 1 jobs
2026-09-04 17:04:16,233 [INFO] main:   [OK]   Samsara: 248 jobs
2026-09-04 17:04:16,282 [INFO] main:   [OK]   Stripe: 612 jobs
2026-09-04 17:04:16,416 [INFO] main:   [OK]   Datadog: 443 jobs
2026-09-04 17:04:16,524 [INFO] main:   [OK]   Bunq: 13 jobs
2026-09-04 17:04:16,533 [INFO] main:   [OK]   Databricks: 867 jobs
2026-09-04 17:04:16,687 [INFO] main:   [OK]   Mendix: 37 jobs
2026-09-04 17:04:16,693 [INFO] main:   [OK]   ServiceNow: 621 jobs
2026-09-04 17:04:16,703 [INFO] main:   [OK]   Workday: 40 jobs
2026-09-04 17:04:16,704 [INFO] main:   [OK]   Revolut: 6 jobs
2026-09-04 17:04:16,704 [INFO] main:   [OK]   Backbase: 20 jobs
2026-09-04 17:04:16,706 [INFO] main:   [OK]   Booking: 1 jobs
2026-09-04 17:04:16,706 [INFO] main:   [OK]   Atlassian: 28 jobs
2026-09-04 17:04:16,714 [INFO] main:   [OK]   Cisco: 3 jobs
2026-09-04 17:04:16,715 [INFO] main:   [OK]   Justeat: 20 jobs
2026-09-04 17:04:16,725 [INFO] main: SCAN DONE. sites_ok=25 sites_fail=0 new=0 high=0 med=0 instant=0
2026-09-04 17:04:16,730 [INFO] main: Sleeping 30 min...
2026-09-04 17:34:16,857 [INFO] main: ============================================================
2026-09-04 17:34:16,876 [INFO] main: SILENT SCAN START (25 sites)
2026-09-04 17:34:16,879 [INFO] main: ============================================================
2026-09-04 17:34:42,546 [INFO] scrapers.revolut: Revolut: fetched 6 jobs
2026-09-04 17:34:44,857 [INFO] scrapers.backbase: Backbase: fetched 20 jobs
2026-09-04 17:34:59,825 [INFO] scrapers.booking: Booking: fetched 1 jobs
2026-09-04 17:35:04,118 [INFO] scrapers.atlassian: Atlassian: fetched 28 jobs
2026-09-04 17:35:34,592 [INFO] scrapers.cisco: Cisco: fetched 3 jobs
2026-09-04 17:35:42,538 [INFO] scrapers.justeat: Justeat: fetched 20 jobs
2026-09-04 17:35:42,539 [INFO] main:   [OK]   Flexport: 173 jobs
2026-09-04 17:35:42,584 [INFO] main:   [OK]   Mews: 27 jobs
2026-09-04 17:35:42,596 [INFO] main:   [OK]   Twilio: 149 jobs
2026-09-04 17:35:42,621 [INFO] main:   [OK]   Adyen: 232 jobs
2026-09-04 17:35:42,716 [INFO] main:   [OK]   MessageBird: 32 jobs
2026-09-04 17:35:42,723 [INFO] main:   [OK]   Optiver: 166 jobs
2026-09-04 17:35:42,797 [INFO] main:   [OK]   Mollie: 45 jobs
2026-09-04 17:35:42,823 [INFO] main:   [OK]   Datasnipper: 37 jobs
2026-09-04 17:35:42,847 [INFO] main:   [OK]   Picnic: 2 jobs
2026-09-04 17:35:42,848 [INFO] main:   [OK]   Samsara: 248 jobs
2026-09-04 17:35:42,895 [INFO] main:   [OK]   Miro: 38 jobs
2026-09-04 17:35:42,906 [INFO] main:   [OK]   Uber: 1 jobs
2026-09-04 17:35:42,906 [INFO] main:   [OK]   Stripe: 611 jobs
2026-09-04 17:35:43,033 [INFO] main:   [OK]   Bunq: 13 jobs
2026-09-04 17:35:43,044 [INFO] main:   [OK]   Databricks: 867 jobs
2026-09-04 17:35:43,185 [INFO] main:   [OK]   Datadog: 444 jobs
2026-09-04 17:35:43,291 [INFO] main:   [OK]   Mendix: 37 jobs
2026-09-04 17:35:43,296 [INFO] main:   [OK]   ServiceNow: 621 jobs
2026-09-04 17:35:43,306 [INFO] main:   [OK]   Workday: 40 jobs
2026-09-04 17:35:43,306 [INFO] main:   [OK]   Revolut: 6 jobs
2026-09-04 17:35:43,306 [INFO] main:   [OK]   Backbase: 20 jobs
2026-09-04 17:35:43,308 [INFO] main:   [OK]   Booking: 1 jobs
2026-09-04 17:35:43,309 [INFO] main:   [OK]   Atlassian: 28 jobs
2026-09-04 17:35:43,319 [INFO] main:   [OK]   Cisco: 3 jobs
2026-09-04 17:35:43,321 [INFO] main:   [OK]   Justeat: 20 jobs
2026-09-04 17:35:43,331 [INFO] main: SCAN DONE. sites_ok=25 sites_fail=0 new=0 high=0 med=0 instant=0
2026-09-04 17:35:43,335 [INFO] main: Sleeping 30 min...
2026-09-04 18:05:43,467 [INFO] main: ============================================================
2026-09-04 18:05:43,476 [INFO] main: SILENT SCAN START (25 sites)
2026-09-04 18:05:43,477 [INFO] main: ============================================================
2026-09-04 18:06:11,059 [INFO] scrapers.revolut: Revolut: fetched 6 jobs
2026-09-04 18:06:12,668 [INFO] scrapers.backbase: Backbase: fetched 20 jobs
2026-09-04 18:06:27,577 [INFO] scrapers.booking: Booking: fetched 1 jobs
2026-09-04 18:06:32,223 [INFO] scrapers.atlassian: Atlassian: fetched 28 jobs
2026-09-04 18:07:00,052 [INFO] scrapers.cisco: Cisco: fetched 3 jobs
2026-09-04 18:07:08,985 [INFO] scrapers.justeat: Justeat: fetched 19 jobs
2026-09-04 18:07:08,986 [INFO] main:   [OK]   Mews: 27 jobs
2026-09-04 18:07:08,999 [INFO] main:   [OK]   MessageBird: 32 jobs
2026-09-04 18:07:09,005 [INFO] main:   [OK]   Twilio: 149 jobs
2026-09-04 18:07:09,029 [INFO] main:   [OK]   Flexport: 173 jobs
2026-09-04 18:07:09,066 [INFO] main:   [OK]   Adyen: 232 jobs
2026-09-04 18:07:09,160 [INFO] main:   [OK]   Datasnipper: 37 jobs
2026-09-04 18:07:09,185 [INFO] main:   [OK]   Optiver: 166 jobs
2026-09-04 18:07:09,251 [INFO] main:   [OK]   Mollie: 45 jobs
2026-09-04 18:07:09,274 [INFO] main:   [OK]   Miro: 38 jobs
2026-09-04 18:07:09,285 [INFO] main:   [OK]   Picnic: 2 jobs
2026-09-04 18:07:09,285 [INFO] main:   [OK]   Datadog: 444 jobs
2026-09-04 18:07:09,396 [INFO] main:   [OK]   Uber: 1 jobs
2026-09-04 18:07:09,396 [INFO] main:   [OK]   Stripe: 611 jobs
2026-09-04 18:07:09,522 [INFO] main:   [OK]   Bunq: 13 jobs
2026-09-04 18:07:09,531 [INFO] main:   [OK]   Databricks: 867 jobs
2026-09-04 18:07:09,673 [INFO] main:   [OK]   ServiceNow: 618 jobs
2026-09-04 18:07:09,682 [INFO] main:   [OK]   Mendix: 37 jobs
2026-09-04 18:07:09,687 [INFO] main:   [OK]   Workday: 40 jobs
2026-09-04 18:07:09,687 [INFO] main:   [OK]   Samsara: 248 jobs
2026-09-04 18:07:09,732 [INFO] main:   [OK]   Revolut: 6 jobs
2026-09-04 18:07:09,732 [INFO] main:   [OK]   Backbase: 20 jobs
2026-09-04 18:07:09,734 [INFO] main:   [OK]   Booking: 1 jobs
2026-09-04 18:07:09,734 [INFO] main:   [OK]   Atlassian: 28 jobs
2026-09-04 18:07:09,741 [INFO] main:   [OK]   Cisco: 3 jobs
2026-09-04 18:07:09,742 [INFO] main:   [OK]   Justeat: 19 jobs
2026-09-04 18:07:09,750 [INFO] main: SCAN DONE. sites_ok=25 sites_fail=0 new=0 high=0 med=0 instant=0
2026-09-04 18:07:09,758 [INFO] main: Sleeping 30 min...
2026-09-04 18:37:09,867 [INFO] main: ============================================================
2026-09-04 18:37:09,882 [INFO] main: SILENT SCAN START (25 sites)
2026-09-04 18:37:09,883 [INFO] main: ============================================================
2026-09-04 18:37:36,365 [INFO] scrapers.revolut: Revolut: fetched 6 jobs
2026-09-04 18:37:38,003 [INFO] scrapers.backbase: Backbase: fetched 20 jobs
2026-09-04 18:37:52,761 [INFO] scrapers.booking: Booking: fetched 1 jobs
2026-09-04 18:37:56,507 [INFO] scrapers.atlassian: Atlassian: fetched 28 jobs
2026-09-04 18:38:25,356 [INFO] scrapers.cisco: Cisco: fetched 3 jobs
2026-09-04 18:38:34,736 [INFO] scrapers.justeat: Justeat: fetched 19 jobs
2026-09-04 18:38:34,761 [INFO] main:   [OK]   MessageBird: 32 jobs
2026-09-04 18:38:34,771 [INFO] main:   [OK]   Twilio: 147 jobs
2026-09-04 18:38:34,801 [INFO] main:   [OK]   Adyen: 232 jobs
2026-09-04 18:38:34,933 [INFO] main:   [OK]   Flexport: 173 jobs
2026-09-04 18:38:34,976 [INFO] main:   [OK]   Mollie: 45 jobs
2026-09-04 18:38:35,009 [INFO] main:   [OK]   Optiver: 166 jobs
2026-09-04 18:38:35,098 [INFO] main:   [OK]   Picnic: 2 jobs
2026-09-04 18:38:35,098 [INFO] main:   [OK]   Samsara: 248 jobs
2026-09-04 18:38:35,153 [INFO] main:   [OK]   Miro: 38 jobs
2026-09-04 18:38:35,167 [INFO] main:   [OK]   Datasnipper: 37 jobs
2026-09-04 18:38:35,199 [INFO] main:   [OK]   Uber: 1 jobs
2026-09-04 18:38:35,199 [INFO] main:   [OK]   Datadog: 444 jobs
2026-09-04 18:38:35,322 [INFO] main:   [OK]   Stripe: 612 jobs
2026-09-04 18:38:35,470 [INFO] main:   [OK]   Bunq: 13 jobs
2026-09-04 18:38:35,483 [INFO] main:   [OK]   Databricks: 868 jobs
2026-09-04 18:38:35,645 [INFO] main:   [OK]   Mendix: 37 jobs
2026-09-04 18:38:35,651 [INFO] main:   [OK]   ServiceNow: 618 jobs
2026-09-04 18:38:35,662 [INFO] main:   [OK]   Workday: 40 jobs
2026-09-04 18:38:35,663 [INFO] main:   [OK]   Mews: 27 jobs
2026-09-04 18:38:35,676 [INFO] main:   [OK]   Revolut: 6 jobs
2026-09-04 18:38:35,676 [INFO] main:   [OK]   Backbase: 20 jobs
2026-09-04 18:38:35,678 [INFO] main:   [OK]   Booking: 1 jobs
2026-09-04 18:38:35,678 [INFO] main:   [OK]   Atlassian: 28 jobs
2026-09-04 18:38:35,688 [INFO] main:   [OK]   Cisco: 3 jobs
2026-09-04 18:38:35,690 [INFO] main:   [OK]   Justeat: 19 jobs
2026-09-04 18:38:35,700 [INFO] main: SCAN DONE. sites_ok=25 sites_fail=0 new=0 high=0 med=0 instant=0
2026-09-04 18:38:35,707 [INFO] main: Sleeping 30 min...
2026-09-04 19:08:35,853 [INFO] main: ============================================================
2026-09-04 19:08:35,870 [INFO] main: SILENT SCAN START (25 sites)
2026-09-04 19:08:35,872 [INFO] main: ============================================================
2026-09-04 19:09:16,478 [INFO] scrapers.revolut: Revolut: fetched 6 jobs
2026-09-04 19:09:18,505 [INFO] scrapers.backbase: Backbase: fetched 20 jobs
2026-09-04 19:09:34,302 [INFO] scrapers.booking: Booking: fetched 1 jobs
2026-09-04 19:09:38,274 [INFO] scrapers.atlassian: Atlassian: fetched 28 jobs
2026-09-04 19:10:07,732 [INFO] scrapers.cisco: Cisco: fetched 3 jobs
2026-09-04 19:10:14,726 [INFO] scrapers.justeat: Justeat: fetched 20 jobs
2026-09-04 19:10:14,727 [INFO] main:   [OK]   MessageBird: 32 jobs
2026-09-04 19:10:14,734 [INFO] main:   [OK]   Mews: 27 jobs
2026-09-04 19:10:14,749 [INFO] main:   [OK]   Flexport: 173 jobs
2026-09-04 19:10:14,782 [INFO] main:   [OK]   Twilio: 147 jobs
2026-09-04 19:10:14,805 [INFO] main:   [OK]   Mollie: 45 jobs
2026-09-04 19:10:14,829 [INFO] main:   [OK]   Datasnipper: 37 jobs
2026-09-04 19:10:14,852 [INFO] main:   [OK]   Optiver: 166 jobs
2026-09-04 19:10:14,922 [INFO] main:   [OK]   Miro: 38 jobs
2026-09-04 19:10:14,932 [INFO] main:   [OK]   Samsara: 249 jobs
2026-09-04 19:10:14,980 [INFO] main:   [OK]   Uber: 1 jobs
2026-09-04 19:10:14,980 [INFO] main:   [OK]   Picnic: 2 jobs
2026-09-04 19:10:14,981 [INFO] main:   [OK]   Adyen: 233 jobs
2026-09-04 19:10:15,077 [INFO] main:   [OK]   Bunq: 13 jobs
2026-09-04 19:10:15,089 [INFO] main:   [OK]   Stripe: 613 jobs
2026-09-04 19:10:15,215 [INFO] main:   [OK]   Datadog: 443 jobs
2026-09-04 19:10:15,331 [INFO] main:   [OK]   Mendix: 37 jobs
2026-09-04 19:10:15,336 [INFO] main:   [OK]   ServiceNow: 617 jobs
2026-09-04 19:10:15,349 [INFO] main:   [OK]   Workday: 40 jobs
2026-09-04 19:10:15,349 [WARNING] main:   [FAIL] Databricks: ReadTimeout: HTTPSConnectionPool(host='boards-api.greenhouse.io', port=443): Read timed out. (read timeout=20)
2026-09-04 19:10:15,349 [INFO] main:   [OK]   Revolut: 6 jobs
2026-09-04 19:10:15,349 [INFO] main:   [OK]   Backbase: 20 jobs
2026-09-04 19:10:15,351 [INFO] main:   [OK]   Booking: 1 jobs
2026-09-04 19:10:15,352 [INFO] main:   [OK]   Atlassian: 28 jobs
2026-09-04 19:10:15,362 [INFO] main:   [OK]   Cisco: 3 jobs
2026-09-04 19:10:15,366 [INFO] main:   [OK]   Justeat: 20 jobs
2026-09-04 19:10:15,378 [INFO] main: SCAN DONE. sites_ok=24 sites_fail=1 new=0 high=0 med=0 instant=0
2026-09-04 19:10:15,424 [INFO] digest: Daily digest sent. 17 matches, report: C:\Users\dielomb\Documents\BOTJObs\data\reports\daily_2026-09-04.html
2026-09-04 19:10:15,425 [INFO] main: DIGEST SENT: 17 matches. Report: C:\Users\dielomb\Documents\BOTJObs\data\reports\daily_2026-09-04.html
2026-09-04 19:10:15,425 [INFO] main: Sleeping 30 min...
